Sediment/Soil,Skin,aOral,mOral,Unknown,Running time (s),Sink,decOM_max,p_Sediment/Soil,p_Skin,p_aOral,p_mOral,p_Unknown
1016,968,70789,30294,8318,25.6232,Chimp,aOral,0.9122,0.8691,63.5534,27.1976,7.4678
27885,12299,292877,128118,354238,198.8963,DM_002,Unknown,3.4197,1.5083,35.9175,15.712,43.4426
3342,993,53124,14163,75800,48.8678,DM_003,Unknown,2.267,0.6736,36.0353,9.6071,51.417
10493,3264,48496,22675,88346,45.5181,DM_004,Unknown,6.0557,1.8837,27.988,13.0862,50.9863
14336,3910,308747,85930,243466,201.089,DM_005,aOral,2.1841,0.5957,47.0372,13.0913,37.0917
2861,2195,12185,15007,53090,37.9816,DM_006,Unknown,3.3526,2.5721,14.2785,17.5854,62.2114
476,912,4302,5131,20083,19.7446,DM_007,Unknown,1.5403,2.9511,13.9205,16.603,64.9851
10688,4173,60301,37028,156856,96.1103,DM_008,Unknown,3.9726,1.551,22.4129,13.7627,58.3008
5630,3609,23948,17995,36847,26.0008,DM_009,Unknown,6.3956,4.0998,27.2047,20.4421,41.8578
13110,4850,54362,40530,199264,146.864,DM_010,Unknown,4.2004,1.5539,17.4172,12.9856,63.8429
1460,1919,13032,12438,43038,37.1519,DM_011,Unknown,2.031,2.6695,18.1285,17.3022,59.869
21790,8103,78660,52239,259940,142.1506,DM_012,Unknown,5.1791,1.9259,18.696,12.4162,61.7828
11844,4701,70531,37783,150495,79.4958,DM_013,Unknown,4.3014,1.7073,25.6147,13.7216,54.6551
7069,5908,64838,47422,50198,42.0604,DM_014,aOral,4.0294,3.3676,36.9584,27.0311,28.6134
7571,3553,36794,27015,75764,37.0192,DM_015,Unknown,5.024,2.3577,24.4159,17.9267,50.2757
20829,5766,572343,189663,267752,210.7902,DM_016,aOral,1.9718,0.5458,54.181,17.9545,25.3468
0,0,0,0,0,6.2088,DM_017,TIE,,,,,
8350,3057,38108,22670,92803,61.0508,DM_019,Unknown,5.061,1.8529,23.0974,13.7404,56.2483
23916,7437,77947,58228,223583,167.1421,DM_020,Unknown,6.1149,1.9015,19.9296,14.8878,57.1661
24415,27652,235223,214674,174084,101.7548,DM_021,aOral,3.6114,4.0902,34.7938,31.7543,25.7502
28833,7039,123075,58716,294012,196.7121,DM_022,Unknown,5.635,1.3757,24.0534,11.4753,57.4607
22187,24699,14207,87634,144890,135.5027,DM_026,Unknown,7.5564,8.412,4.8386,29.8464,49.3466
10022,6916,10913,37965,67522,92.7419,DM_027,Unknown,7.5162,5.1868,8.1845,28.4728,50.6397
9858,4965,16051,28769,46928,62.0011,DM_028,Unknown,9.2502,4.6589,15.0613,26.9951,44.0345
11542,7613,20878,23525,69535,85.0126,DM_029,Unknown,8.6721,5.7201,15.6868,17.6756,52.2454
216,746,239,304,566,7.678,DM_C01,Skin,10.4297,36.0212,11.5403,14.6789,27.3298
0,0,0,0,51,6.2342,EB_10_2,Unknown,0.0,0.0,0.0,0.0,100.0
0,0,0,0,0,6.153,EB_11_1,TIE,,,,,
0,0,0,0,0,5.9219,EB_12_1,TIE,,,,,
0,0,0,0,0,5.8846,EB_13_2,TIE,,,,,
0,0,0,0,0,6.0147,EB_14_2,TIE,,,,,
0,0,0,0,0,5.8157,EB_15_2,TIE,,,,,
0,0,0,0,0,6.2261,EB_16,TIE,,,,,
0,0,0,0,0,6.1618,EB_17_2,TIE,,,,,
0,0,0,0,0,6.1736,EB_18_2,TIE,,,,,
0,0,0,0,0,5.7982,EB_19_2,TIE,,,,,
37819,26211,1869,1838,73005,22.5466,EB_1,Unknown,26.8712,18.6234,1.328,1.3059,51.8715
0,0,0,0,0,5.9619,EB_20,TIE,,,,,
0,0,0,0,0,5.8624,EB_21,TIE,,,,,
0,0,0,0,0,5.7703,EB_2_2,TIE,,,,,
0,0,0,0,0,6.2081,EB_23,TIE,,,,,
0,0,0,0,0,6.4146,EB_24_2,TIE,,,,,
0,0,0,0,0,5.9727,EB_25_2,TIE,,,,,
0,0,0,0,0,6.0904,EB_26_2,TIE,,,,,
0,0,0,0,0,5.8207,EB_28,TIE,,,,,
0,0,0,0,0,6.105,EB_29,TIE,,,,,
13641,4460,1260,1037,30172,12.5577,EB_2,Unknown,26.9745,8.8195,2.4916,2.0506,59.6638
0,0,0,0,0,6.0226,EB_5_2,TIE,,,,,
0,0,0,0,0,5.9917,EB_6_2,TIE,,,,,
0,0,0,0,7,5.7767,EB_7_1,Unknown,0.0,0.0,0.0,0.0,100.0
0,0,0,0,0,5.9326,EB_8_2,TIE,,,,,
0,0,0,0,0,6.0551,EB_9_2,TIE,,,,,
6130,3233,23447,20987,60784,68.2835,F10,Unknown,5.3499,2.8216,20.4633,18.3163,53.0489
6262,4637,14763,14694,70651,95.287,F1,Unknown,5.6411,4.1772,13.2992,13.237,63.6455
4211,4368,10972,13080,65056,39.9988,F2,Unknown,4.3107,4.4714,11.2318,13.3897,66.5964
4523,3486,16989,14086,77543,70.1336,F3,Unknown,3.8782,2.989,14.567,12.0778,66.488
4397,2662,14892,14089,74844,52.6627,F4,Unknown,3.9654,2.4007,13.4303,12.7061,67.4976
4211,2875,15964,13626,53027,47.306,F5,Unknown,4.6944,3.205,17.7965,15.1901,59.114
3859,3925,15267,14245,49659,43.6433,F6,Unknown,4.4379,4.5138,17.5574,16.382,57.1088
4146,2883,13793,15652,33006,50.1753,F7,Unknown,5.9672,4.1494,19.8518,22.5273,47.5043
3953,2594,12200,12619,48568,48.0077,F8,Unknown,4.9453,3.2452,15.2626,15.7868,60.7601
2993,1860,10465,12989,36889,29.9961,F9,Unknown,4.5908,2.8529,16.0516,19.923,56.5817
16918,37039,11760,18886,105662,47.6897,G0001,Unknown,8.8918,19.4671,6.1809,9.9262,55.5341
23657,5900,13832,13141,104637,69.6158,G0005,Unknown,14.6786,3.6608,8.5824,8.1537,64.9246
4792,5691,13512,29083,22566,23.519,G0008,mOral,6.3349,7.5234,17.8626,38.4472,29.8318
5197,7080,7541,10831,32230,20.921,G0010,Unknown,8.2651,11.2597,11.9929,17.2251,51.2572
6654,13076,50625,73096,60677,32.5252,G0011,mOral,3.2597,6.4058,24.8006,35.8089,29.725
1690,2871,19697,19800,7549,12.4455,G0017,mOral,3.2747,5.5632,38.1673,38.3669,14.6279
3092,3159,20827,30606,21542,17.9694,G0018,mOral,3.9028,3.9873,26.2881,38.6313,27.1906
2792,7371,25746,49167,14598,14.7718,G0019,mOral,2.8011,7.3951,25.8302,49.3278,14.6457
4917,16682,59553,104809,39220,41.5106,G0021,mOral,2.1836,7.4083,26.4467,46.5443,17.4171
1374,3155,7156,8828,21335,23.5764,G0026,Unknown,3.2833,7.5392,17.1,21.0954,50.9821
0,0,0,0,0,6.1091,G0030,TIE,,,,,
8563,9886,46881,73145,12095,18.6714,G0033,mOral,5.6871,6.5657,31.1357,48.5787,8.0328
6608,14224,63056,116115,50145,41.366,G0034,mOral,2.6416,5.6862,25.2075,46.4185,20.0461
3433,15579,4182,4277,28606,28.3383,HM_001,Unknown,6.1219,27.7814,7.4576,7.627,51.012
2305,870,4477,5010,5463,11.8803,HM_002,Unknown,12.7172,4.8,24.7007,27.6414,30.1407
1048,2022,2256,1722,8468,11.4775,HM_003,Unknown,6.7543,13.0317,14.5398,11.0982,54.5759
3331,3296,1776,2878,87662,72.798,HM_004,Unknown,3.3666,3.3312,1.795,2.9087,88.5985
1852,1809,589,542,86212,55.3338,HM_006,Unknown,2.0351,1.9878,0.6472,0.5956,94.7343
0,0,0,0,0,6.4692,HM_008,TIE,,,,,
57,1322,871,873,1996,10.4033,HM_009,Unknown,1.1135,25.8254,17.015,17.0541,38.992
6938,34695,9660,8249,75686,77.6892,HM_010,Unknown,5.1306,25.6567,7.1435,6.1001,55.9692
8471,35748,14778,13022,96659,81.3374,HM_011,Unknown,5.022,21.193,8.7611,7.72,57.3039
1767,22641,5284,4254,24474,22.8467,HM_012,Unknown,3.0246,38.7556,9.0448,7.2818,41.8932
36,452,1791,2530,2459,8.4601,HM_014,mOral,0.4953,6.219,24.6423,34.8101,33.8332
0,0,16,22,30,6.0617,HM_017,Unknown,0.0,0.0,23.5294,32.3529,44.1176
1624,369,290,356,922,6.9753,HM_018,Sediment/Soil,45.6052,10.3623,8.1438,9.9972,25.8916
1989,381,491,686,2181,8.6105,HM_020,Unknown,34.7242,6.6515,8.5719,11.9763,38.0761
3404,775,2884,2807,27457,62.4647,HM_021,Unknown,9.1194,2.0762,7.7263,7.52,73.558
7098,4725,25336,29367,18136,30.5082,HM_022,mOral,8.3839,5.581,29.9261,34.6873,21.4217
3489,658,2908,2016,8644,21.7289,HM_023,Unknown,19.6952,3.7144,16.4155,11.3802,48.7948
8942,13632,5050,3071,35095,37.4649,HM_024,Unknown,13.5917,20.7205,7.6759,4.6679,53.344
4146,3988,2962,2683,12694,25.5974,HM_026,Unknown,15.6612,15.0644,11.1888,10.1349,47.9507
0,0,0,0,0,6.163,HM_027,TIE,,,,,
3397,632,1525,1534,9390,18.9141,HM_028,Unknown,20.6154,3.8354,9.2548,9.3094,56.9851
2879,539,2325,1659,5451,14.2055,HM_029,Unknown,22.3994,4.1936,18.0892,12.9075,42.4103
3003,722,2614,2678,14634,42.0587,HM_030,Unknown,12.6971,3.0527,11.0524,11.323,61.8748
14103,3617,56708,53994,95272,87.5686,HM_031,Unknown,6.3046,1.6169,25.3507,24.1374,42.5903
3700,3785,10610,7769,37904,26.3921,HM_032,Unknown,5.8023,5.9356,16.6384,12.1832,59.4405
12750,8517,39240,28894,94620,73.3665,HM_033,Unknown,6.9286,4.6283,21.3237,15.7015,51.418
19962,9652,35853,18601,69802,44.3532,HM_036,Unknown,12.9733,6.2728,23.3008,12.0888,45.3643
3888,1942,13922,10622,37304,30.0169,HM_037,Unknown,5.7449,2.8695,20.5709,15.6949,55.1198
78,405,20,67,248,8.0105,HM_038,Skin,9.5355,49.511,2.445,8.1907,30.3178
13231,12809,1585,1925,85299,61.0352,HM_039,Unknown,11.5203,11.1529,1.3801,1.6761,74.2706
2782,11893,2003,2270,39780,39.7597,HM_040,Unknown,4.7371,20.251,3.4106,3.8653,67.736
104,993,4121,6233,13747,39.7082,HM_043,Unknown,0.4127,3.9408,16.3545,24.7361,54.5559
5258,3101,21201,22268,40014,48.4739,HM_048,Unknown,5.725,3.3765,23.0842,24.246,43.5683
0,0,0,0,0,6.2409,HM_049,TIE,,,,,
7398,5290,75157,87572,41135,47.4716,HM_050,mOral,3.4163,2.4428,34.7062,40.4392,18.9954
770,854,5177,5503,8369,13.3512,HM_053,Unknown,3.7247,4.131,25.0423,26.6193,40.4828
1551,3294,7921,10100,41479,38.9186,HM_054,Unknown,2.4104,5.1193,12.3102,15.6966,64.4634
1196,1010,180,450,1702,8.3362,HM_055,Unknown,26.3552,22.2565,3.9665,9.9163,37.5055
5049,2928,20466,19594,29229,30.4064,HM_057,Unknown,6.5346,3.7895,26.4877,25.3591,37.8291
19,305,125,57,1057,11.4412,HM_058,Unknown,1.2156,19.5138,7.9974,3.6468,67.6264
5885,2915,24287,20763,39528,36.6566,HM_059,Unknown,6.3023,3.1217,26.0093,22.2354,42.3312
1790,5259,3259,3382,28498,59.7842,HM_060,Unknown,4.2429,12.4656,7.7249,8.0165,67.55
2912,8115,11342,9340,20077,22.5684,HM_061,Unknown,5.6231,15.6703,21.9017,18.0358,38.7692
5795,6427,29070,47933,45526,69.7591,HM_062,mOral,4.3005,4.7695,21.5731,35.5715,33.7853
5350,3648,22580,30467,71378,99.8622,HM_063,Unknown,4.0098,2.7342,16.9236,22.8349,53.4975
1578,1811,5179,6736,29143,52.7598,HM_064,Unknown,3.5503,4.0745,11.6521,15.1551,65.568
3849,3898,14086,15411,27554,38.0689,HM_065,Unknown,5.94,6.0156,21.7383,23.7831,42.5229
11923,27445,13256,9706,76901,88.2153,HM_066,Unknown,8.5635,19.7118,9.5209,6.9711,55.2327
6780,24895,7618,5374,39833,38.5403,HM_067,Unknown,8.0237,29.4615,9.0154,6.3598,47.1396
3304,2008,7268,5596,114422,92.9065,HM_070,Unknown,2.4917,1.5144,5.4812,4.2203,86.2924
3420,2000,9559,10057,18702,21.316,HM_071,Unknown,7.8193,4.5727,21.8551,22.9937,42.7592
3775,2982,33552,23901,55713,76.285,HM_074,Unknown,3.1479,2.4866,27.978,19.9303,46.4573
413,1482,4098,4666,7986,13.7309,HM_075,Unknown,2.2151,7.9485,21.9791,25.0255,42.8319
12562,16236,31940,37724,102848,95.774,HM_076,Unknown,6.2401,8.0652,15.8661,18.7393,51.0894
3968,1945,36799,17989,96718,83.7186,HM_077,Unknown,2.5207,1.2356,23.3765,11.4275,61.4399
9643,3495,36834,27309,341948,268.3431,HM_078,Unknown,2.3002,0.8337,8.7861,6.5141,81.5659
8410,2258,14464,11468,108982,77.8455,HM_080,Unknown,5.7768,1.551,9.9353,7.8773,74.8595
7643,3141,43129,21819,266283,202.9935,HM_081,Unknown,2.2347,0.9184,12.6103,6.3795,77.8571
0,0,0,0,0,6.266,HM_082,TIE,,,,,
3737,1233,24113,12021,100425,78.062,HM_083,Unknown,2.6404,0.8712,17.0375,8.4937,70.9572
7626,2121,30513,16980,192260,133.8796,HM_084,Unknown,3.0565,0.8501,12.2297,6.8056,77.0581
7478,2191,64761,21564,215230,158.2675,HM_085,Unknown,2.4028,0.704,20.8085,6.9288,69.156
889,314,388,438,11931,13.9522,HM_086,Unknown,6.3682,2.2493,2.7794,3.1375,85.4656
6397,3070,46301,23340,177390,154.0699,HM_088,Unknown,2.494,1.1969,18.0512,9.0995,69.1584
5828,2512,43126,24777,129905,107.7585,HM_089,Unknown,2.8271,1.2185,20.9199,12.019,63.0154
5984,3056,40309,19988,208722,149.443,HM_090,Unknown,2.1521,1.099,14.4966,7.1884,75.0639
50,13,1,0,162,7.0358,HM_091,Unknown,22.1239,5.7522,0.4425,0.0,71.6814
0,0,0,0,0,6.0316,LB_11,TIE,,,,,
0,0,0,0,0,6.1908,LB_12,TIE,,,,,
0,0,0,0,0,6.3069,LB_13,TIE,,,,,
0,0,0,0,0,6.2603,LB_14,TIE,,,,,
0,0,0,0,0,6.1348,LB_15,TIE,,,,,
0,0,0,0,0,5.9792,LB_16,TIE,,,,,
0,0,0,0,0,6.1686,LB_17,TIE,,,,,
0,0,0,0,0,6.6668,LB_18,TIE,,,,,
0,0,0,0,0,6.3111,LB_1,TIE,,,,,
0,0,0,0,0,6.2091,LB_20,TIE,,,,,
0,0,0,0,0,5.9347,LB_21,TIE,,,,,
0,0,0,0,0,6.103,LB_23,TIE,,,,,
0,0,0,0,0,6.4368,LB_24,TIE,,,,,
0,0,0,0,0,6.1525,LB_25,TIE,,,,,
0,0,0,0,0,6.0453,LB_26,TIE,,,,,
0,0,0,0,0,6.0298,LB_27,TIE,,,,,
0,0,0,0,0,6.2537,LB_28,TIE,,,,,
0,0,0,0,0,6.0724,LB_2,TIE,,,,,
0,0,0,0,0,6.4529,LB_3,TIE,,,,,
0,0,0,0,0,5.8829,LB_4,TIE,,,,,
0,0,0,0,0,6.0664,LB_5,TIE,,,,,
0,0,0,0,0,6.2119,LB_6,TIE,,,,,
0,0,0,0,0,6.1673,LB_7,TIE,,,,,
0,0,0,0,0,6.0332,LB_8,TIE,,,,,
0,0,0,0,0,6.3429,LB_9,TIE,,,,,
2,389,1,2,152,6.8901,Lib_blank,Skin,0.3663,71.2454,0.1832,0.3663,27.8388
16982,5636,83755,46594,174462,96.0341,maybe_DM_017,Unknown,5.1865,1.7213,25.5796,14.2303,53.2824
8030,11097,17365,16683,117740,98.0787,MS_004,Unknown,4.6982,6.4927,10.16,9.761,68.888
16288,6680,19474,19323,94475,99.3694,MS_005,Unknown,10.425,4.2755,12.4642,12.3675,60.4679
11624,2804,11464,10660,33216,45.4365,MS_009,Unknown,16.6609,4.019,16.4316,15.2792,47.6092
11394,23359,11480,9975,98101,70.0736,MS_010,Unknown,7.3839,15.1378,7.4396,6.4643,63.5744
23015,7499,103600,65752,228859,163.4295,MS_011,Unknown,5.3682,1.7491,24.1647,15.3366,53.3813
24485,6707,175050,59909,247553,150.2632,MS_018,Unknown,4.7664,1.3056,34.076,11.6622,48.1898
34120,38055,170241,59583,274844,129.5874,MS_020,Unknown,5.915,6.5971,29.5125,10.3292,47.6462
15161,5144,160323,56685,174383,117.4229,MS_022,Unknown,3.6826,1.2495,38.9421,13.7687,42.3572
9375,5174,26276,35908,103936,123.704,MS_029,Unknown,5.189,2.8638,14.5437,19.875,57.5284
3535,2818,21590,17893,21373,17.4263,MS_032,aOral,5.2597,4.1929,32.1237,26.6229,31.8008
274,1040,234,312,22865,19.2394,MS_038,Unknown,1.1082,4.2063,0.9464,1.2619,92.4772
2154,1290,2417,3213,44365,74.1392,MS_039,Unknown,4.0308,2.414,4.5229,6.0125,83.0199
0,0,0,0,0,6.2035,MS_051,TIE,,,,,
0,0,15,26,3,6.1721,MS_053,mOral,0.0,0.0,34.0909,59.0909,6.8182
777,1110,4088,4389,4213,12.8668,MS_057,mOral,5.3303,7.6147,28.0442,30.1091,28.9017
0,0,0,0,0,5.988,MS_058,TIE,,,,,
205,164,259,511,25304,36.8884,MS_060,Unknown,0.7753,0.6202,0.9795,1.9325,95.6926
1866,801,2619,2041,48749,100.538,MS_062,Unknown,3.3276,1.4284,4.6704,3.6397,86.9338
1920,1415,15018,20190,68701,91.466,MS_063,Unknown,1.7903,1.3194,14.0036,18.8262,64.0605
4412,3169,20274,16983,31581,37.379,MS_091,Unknown,5.7734,4.1469,26.5301,22.2235,41.3261
1781,1746,8693,9081,9834,15.1524,MS_092,Unknown,5.7203,5.6078,27.9203,29.1665,31.585
1670,1401,7061,6370,7632,18.0352,MS_095,Unknown,6.9197,5.8051,29.2575,26.3943,31.6234
24446,14835,23373,27421,77736,143.4042,MS_096,Unknown,14.5676,8.8403,13.9282,16.3404,46.3235
1319,1568,8010,8175,6882,11.4237,MS_099,mOral,5.0821,6.0415,30.8623,31.498,26.5161
8,256,534,757,2162,12.5825,MS_101,Unknown,0.2152,6.8873,14.3664,20.3659,58.1652
43250,10374,22803,23325,163191,83.9981,MS_102,Unknown,16.4484,3.9453,8.6722,8.8707,62.0633
223,338,1485,1935,809,6.9292,MS_103,mOral,4.6555,7.0564,31.0021,40.3967,16.8894
0,0,0,0,108,6.2032,MS_104,Unknown,0.0,0.0,0.0,0.0,100.0
242,458,1698,1946,407,7.8502,MS_105,mOral,5.0937,9.6401,35.7398,40.9598,8.5666
4356,3341,12007,10428,17081,22.5903,MS_106,Unknown,9.2263,7.0764,25.4316,22.0871,36.1786
12905,8633,34721,30220,94949,106.2233,MS_107,Unknown,7.113,4.7584,19.1376,16.6567,52.3343
2076,1791,8810,9240,11963,16.1046,MS_108,Unknown,6.1275,5.2863,26.0035,27.2727,35.3099
3535,2328,11712,11675,19931,28.1918,MS_109,Unknown,7.1877,4.7335,23.8141,23.7388,40.5258
13388,5057,28585,23148,95803,102.6309,MS_113,Unknown,8.066,3.0467,17.2219,13.9462,57.7193
1793,1879,3813,5127,8567,21.9094,MS_114,Unknown,8.4659,8.872,18.0037,24.2079,40.4504
11728,7456,26875,14046,87918,64.5789,MS_117,Unknown,7.9231,5.0371,18.156,9.4891,59.3948
3624,14193,20182,14153,22526,29.0296,MS_118,Unknown,4.8528,19.0056,27.0254,18.952,30.1642
4250,1742,55375,21239,34638,30.9855,MS_121,aOral,3.6249,1.4858,47.2306,18.1152,29.5435
8857,3251,22449,22659,35004,64.0138,MS_122,Unknown,9.6042,3.5253,24.3429,24.5706,37.9571
8429,2713,96535,29584,162055,108.3382,MS_133,Unknown,2.8161,0.9064,32.2519,9.8839,54.1418
12933,3828,232363,61495,427965,275.0131,MS_134,Unknown,1.7511,0.5183,31.4606,8.3261,57.944
4613,1102,47994,10387,186292,107.7111,MS_135,Unknown,1.8423,0.4401,19.1679,4.1484,74.4013
3875,1595,104879,11042,112653,64.4379,MS_136,Unknown,1.6557,0.6815,44.8117,4.7179,48.1333
4454,3191,54028,13705,126023,81.3902,MS_137,Unknown,2.2115,1.5844,26.8261,6.8048,62.5732
213,764,14,691,852,9.2456,MS_C02,Unknown,8.4057,30.15,0.5525,27.2691,33.6227
929,2265,77,168,1180,8.6896,MS_C03,Skin,20.1126,49.0366,1.667,3.6372,25.5467
1331,1800,6761,6550,7324,10.557,MV_002,Unknown,5.6004,7.5738,28.4482,27.5604,30.8171
54,557,2429,2711,987,7.0,MV_005,mOral,0.8014,8.2665,36.0493,40.2345,14.6483
299,544,2878,7057,12124,16.9905,MV_006,Unknown,1.3056,2.3753,12.5666,30.8139,52.9386
511,288,2911,2552,2603,8.0385,MV_007,aOral,5.7642,3.2487,32.837,28.7874,29.3627
261,744,1241,1026,13237,22.588,MV_008,Unknown,1.581,4.5066,7.5171,6.2148,80.1805
6473,3646,22691,22098,62149,69.6469,MV_010,Unknown,5.5298,3.1147,19.3846,18.878,53.0929
4913,3446,21391,19168,55784,72.8222,MV_013,Unknown,4.6924,3.2912,20.4304,18.3072,53.2788
6409,4017,20300,24772,35971,36.451,MV_015,Unknown,7.0067,4.3917,22.1933,27.0824,39.3259
17793,6600,39873,43946,130015,91.4307,MV_016,Unknown,7.4689,2.7705,16.7374,18.4471,54.5761
383,1245,2333,1915,1276,9.4872,MV_017,aOral,5.3551,17.4077,32.6202,26.7757,17.8412
1819,2006,11323,12279,14298,14.1718,MV_018,Unknown,4.3595,4.8077,27.1372,29.4284,34.2672
2267,1574,8546,9332,13815,12.5974,MV_019,Unknown,6.3798,4.4296,24.0502,26.2622,38.8783
1113,1393,4831,6617,11769,38.8839,MV_020,Unknown,4.3269,5.4154,18.7809,25.7241,45.7528
7361,3378,17879,20790,55011,34.7913,MV_021,Unknown,7.0495,3.235,17.1224,19.9102,52.6829
3920,1732,14171,11402,29292,26.7932,MV_022,Unknown,6.4775,2.862,23.4166,18.841,48.4029
2211,8910,6102,4473,31545,30.9591,MV_024,Unknown,4.1528,16.7352,11.4611,8.4014,59.2495
1911,1462,7748,8026,12994,14.5761,MV_025,Unknown,5.9457,4.5487,24.1063,24.9712,40.4281
1533,1306,8439,7775,9219,11.7985,MV_027,Unknown,5.4223,4.6194,29.8493,27.5007,32.6082
300,393,838,1503,1503,7.9239,MV_028,TIE,6.6123,8.6621,18.4704,33.1276,33.1276
0,0,0,122,346,6.8292,MV_029,Unknown,0.0,0.0,0.0,26.0684,73.9316
9075,4721,26866,30346,135600,136.4358,MV_036,Unknown,4.3924,2.285,13.0034,14.6877,65.6315
189,97,477,686,2585,8.8296,MV_038,Unknown,4.6852,2.4046,11.8245,17.0055,64.0803
26424,6341,33268,40066,291994,282.801,MV_039,Unknown,6.6376,1.5928,8.3568,10.0645,73.3482
303,694,2672,3108,3151,9.6526,MV_041,Unknown,3.052,6.9903,26.9138,31.3054,31.7385
8742,4617,28075,22972,84454,106.795,MV_043,Unknown,5.8726,3.1016,18.86,15.4319,56.7338
2258,1602,10013,9788,25081,31.4076,MV_045,Unknown,4.6326,3.2867,20.5429,20.0812,51.4566
0,0,0,0,10,5.9958,MV_046,Unknown,0.0,0.0,0.0,0.0,100.0
6959,5949,25262,22076,60291,83.8096,MV_048,Unknown,5.7733,4.9354,20.9579,18.3147,50.0187
0,0,0,0,0,6.2492,MV_049,TIE,,,,,
15247,5258,39520,31379,105566,91.7014,MV_051,Unknown,7.7408,2.6694,20.064,15.9309,53.595
16391,5455,119899,53182,153374,95.6974,MV_052,Unknown,4.706,1.5662,34.424,15.269,44.0349
10619,4325,91075,30974,92516,58.8609,MV_055,Unknown,4.6268,1.8845,39.6825,13.4958,40.3104
21796,39469,49122,31508,139176,82.7941,MV_056,Unknown,7.7546,14.0424,17.4767,11.21,49.5163
24203,9986,132367,79247,279140,243.772,MV_057,Unknown,4.6106,1.9023,25.2155,15.0963,53.1753
7704,4181,72976,31019,59549,57.3454,MV_058,aOral,4.3915,2.3833,41.5986,17.6818,33.9448
28023,28690,297005,89332,362700,260.4666,MV_059,Unknown,3.4779,3.5607,36.8607,11.0868,45.014
4251,4352,10168,4325,102949,68.0072,MV_060,Unknown,3.3726,3.4527,8.067,3.4313,81.6764
16124,5271,70299,37006,106886,57.467,MV_062,Unknown,6.8442,2.2374,29.8401,15.7081,45.3703
17845,14500,152768,54296,197950,122.4349,MV_065,Unknown,4.0802,3.3154,34.9297,12.4145,45.2603
15258,7882,81996,60915,253047,225.4947,MV_066,Unknown,3.6407,1.8807,19.5649,14.5348,60.379
23257,8196,82828,46856,155143,83.8331,MV_067,Unknown,7.3533,2.5914,26.1882,14.8147,49.0524
19370,12940,128584,63045,176175,95.9568,MV_068p,Unknown,4.8411,3.2341,32.1368,15.7568,44.0312
23427,8321,280073,75652,224176,141.8287,MV_070,aOral,3.8301,1.3604,45.7898,12.3685,36.6511
12855,5933,46427,28489,90516,46.8295,MV_072p,Unknown,6.9781,3.2206,25.2019,15.4647,49.1347
19720,13125,49707,46207,231180,192.735,MV_074,Unknown,5.4787,3.6465,13.8098,12.8375,64.2275
30086,10371,235528,80814,331178,310.3831,MV_075,Unknown,4.3731,1.5075,34.2349,11.7466,48.1379
12869,5187,97477,32986,97040,90.0679,MV_076,aOral,5.2407,2.1123,39.696,13.433,39.518
13344,5201,65732,40707,143655,93.3708,MV_077,Unknown,4.9673,1.9361,24.4685,15.153,53.4751
15058,6542,156681,66828,168082,109.2749,MV_078,Unknown,3.6443,1.5833,37.9198,16.1736,40.679
24033,9220,149016,65968,256366,208.4274,MV_079p,Unknown,4.7628,1.8272,29.5313,13.0732,50.8055
1598,1105,34360,7800,10372,15.8157,MV_081,aOral,2.8931,2.0005,62.2069,14.1215,18.7779
17469,6439,317158,79611,249155,162.6267,MV_082,aOral,2.608,0.9613,47.3489,11.8852,37.1966
11853,3562,73449,35049,83659,53.807,MV_083,Unknown,5.7103,1.716,35.3848,16.8852,40.3036
441,445,6642,2342,2879,11.573,MV_087,aOral,3.4591,3.4905,52.0982,18.3701,22.5822
10011,4339,106664,36218,79758,45.4965,MV_088,aOral,4.2242,1.8309,45.0078,15.2825,33.6546
17234,7176,119808,46820,130159,91.1164,MV_089,Unknown,5.3656,2.2341,37.3005,14.5767,40.5231
12058,5204,168320,63002,126112,60.9603,MV_090,aOral,3.2181,1.3889,44.9217,16.8142,33.6572
13861,5952,127701,45818,122797,84.676,MV_091,aOral,4.3846,1.8828,40.3952,14.4935,38.844
16991,7268,138793,59167,208715,133.4009,MV_092,Unknown,3.9428,1.6866,32.2075,13.7299,48.4332
8685,4348,61106,24696,51902,45.779,MV_093,aOral,5.7617,2.8845,40.5382,16.3835,34.4322
9886,24648,18872,13797,62217,62.2201,MV_095,Unknown,7.6387,19.045,14.582,10.6606,48.0737
5570,2035,12886,9463,21100,20.0699,MV_096,Unknown,10.91,3.986,25.2399,18.5353,41.3288
10311,5326,30818,18316,48644,32.1889,MV_097,Unknown,9.0914,4.696,27.1728,16.1495,42.8903
15958,6090,136468,80263,172218,105.9414,MV_099,Unknown,3.8828,1.4818,33.2041,19.5289,41.9025
26587,9633,369926,175736,188740,125.0568,MV_100,aOral,3.4501,1.25,48.0036,22.8044,24.4919
145,499,2579,3607,4517,11.4839,MV_102,Unknown,1.2779,4.3976,22.7285,31.7881,39.8079
11094,3016,56681,21839,74727,56.1233,MV_103,Unknown,6.6289,1.8021,33.8683,13.0493,44.6513
16783,21752,39898,32889,161694,235.5299,MV_104,Unknown,6.1473,7.9673,14.6138,12.0465,59.2251
192,506,2116,2346,1017,7.1258,MV_107,mOral,3.1083,8.1917,34.2561,37.9796,16.4643
3565,2756,16358,16115,30250,33.8441,MV_109,Unknown,5.1634,3.9917,23.6921,23.3402,43.8126
5476,3169,19245,21034,77120,74.7941,MV_110,Unknown,4.3445,2.5142,15.2685,16.6878,61.185
633,767,3457,3902,3243,9.3596,MV_111,mOral,5.2741,6.3906,28.8035,32.5112,27.0205
10646,6700,27329,36465,128043,156.7963,MV_112,Unknown,5.0893,3.2029,13.0646,17.4321,61.211
22469,5186,41498,31800,348788,220.765,MV_113,Unknown,4.996,1.1531,9.2271,7.0707,77.5531
4177,7988,16042,15381,30024,33.3902,MV_114,Unknown,5.6743,10.8515,21.7926,20.8947,40.7868
9455,3859,27756,22208,63086,39.3621,MV_115,Unknown,7.4824,3.0539,21.9651,17.5746,49.924
8860,14795,30371,26011,73324,70.1362,MV_118,Unknown,5.7772,9.6472,19.8036,16.9606,47.8114
7279,6473,25685,23146,84330,68.8199,MV_119,Unknown,4.9546,4.406,17.4831,15.7549,57.4013
370,669,3927,4215,9817,15.9181,MV_120,Unknown,1.9476,3.5214,20.6706,22.1865,51.6739
136,520,2462,2596,4710,11.5496,MV_122,Unknown,1.3047,4.9885,23.6186,24.9041,45.1842
1017,862,3966,4057,4373,10.4853,MV_124,Unknown,7.1243,6.0385,27.7828,28.4203,30.634
11430,5006,35417,30607,113667,79.3214,MV_126,Unknown,5.8279,2.5524,18.0582,15.6057,57.9558
12418,3892,29113,21844,134677,223.2593,MV_130,Unknown,6.1492,1.9273,14.4164,10.8169,66.6903
1189,356,2306,1771,3905,11.5134,MV_131,Unknown,12.4803,3.7367,24.2049,18.5893,40.9888
9356,4006,32691,25682,155474,139.327,MV_133,Unknown,4.1178,1.7631,14.3881,11.3032,68.4277
1820,852,4085,3545,4013,13.5563,MV_134,aOral,12.7139,5.9518,28.5365,24.7642,28.0335
7681,14790,15758,11980,43951,46.7297,MV_135,Unknown,8.1574,15.7073,16.7353,12.723,46.6769
2067,2196,11402,9162,13991,16.0733,MV_136,Unknown,5.3248,5.6572,29.373,23.6025,36.0426
35,6,55,107,203,7.1356,MV_137,Unknown,8.6207,1.4778,13.5468,26.3547,50.0
6919,4200,20911,17373,49782,43.5149,MV_139,Unknown,6.9759,4.2345,21.0828,17.5158,50.1911
10026,22444,31049,24094,79468,75.0775,MV_140,Unknown,6.0007,13.433,18.5832,14.4206,47.5626
1244,587,3183,3369,13220,17.0383,MV_148,Unknown,5.7585,2.7172,14.7341,15.5951,61.1952
14271,16169,440628,265990,91803,91.2155,MV_167,aOral,1.7218,1.9507,53.1607,32.091,11.0758
1999,2784,14492,18697,4971,12.9991,MV_169,mOral,4.655,6.483,33.7471,43.5391,11.5758
10145,9560,547600,240777,54481,57.4793,MV_175,aOral,1.1761,1.1083,63.4852,27.9141,6.3162
6810,7380,77631,67217,52031,44.2925,MV_201,aOral,3.2264,3.4965,36.7799,31.846,24.6512
10048,15128,34005,87410,85655,62.7488,MV_202,mOral,4.3264,6.5138,14.6418,37.6368,36.8812
8504,17074,62916,76246,89687,54.4441,MV_203,Unknown,3.3424,6.7108,24.7285,29.9677,35.2506
5504,1726,19269,12288,36402,28.6093,MV_204,Unknown,7.3202,2.2955,25.6274,16.3428,48.414
5827,3995,26731,28772,129429,142.3905,MV_206,Unknown,2.992,2.0513,13.7255,14.7735,66.4577
15233,5162,69645,47148,106757,68.7449,MV_207,Unknown,6.2444,2.1161,28.5495,19.3273,43.7627
8714,3873,108847,46004,74065,57.4303,MV_208,aOral,3.6082,1.6037,45.0707,19.049,30.6684
10827,4788,61136,40942,116427,60.375,MV_209,Unknown,4.6246,2.0451,26.1131,17.4876,49.7296
33259,9472,63443,94364,197242,80.7366,MV_210,Unknown,8.3612,2.3812,15.9493,23.7227,49.5857
12591,3897,296117,102182,143337,69.2231,MV_211,aOral,2.256,0.6982,53.0558,18.3081,25.6819
9907,3987,36502,30634,140224,73.639,MV_212,Unknown,4.4777,1.802,16.4978,13.8456,63.3769
9874,3051,124269,50916,70676,45.0136,MV_213,aOral,3.8155,1.179,48.02,19.6749,27.3106
8717,24454,12963,14213,123137,86.3813,MV_214,Unknown,4.7508,13.3276,7.0649,7.7462,67.1105
10994,4785,31555,33224,166725,113.7138,MV_215,Unknown,4.4459,1.935,12.7607,13.4356,67.4228
18777,17201,83459,157813,144780,66.7926,MV_216,mOral,4.4492,4.0758,19.7756,37.3938,34.3056
5426,4528,13623,12321,42708,43.0812,MV_223,Unknown,6.9028,5.7604,17.3307,15.6744,54.3317
686,149,1571,1608,1936,8.2441,MV_225,Unknown,11.5294,2.5042,26.4034,27.0252,32.5378
157,119,3298,1329,1351,10.3407,MV_227,aOral,2.5104,1.9028,52.7343,21.2504,21.6022
5491,2097,121081,37721,65285,47.3443,MV_229,aOral,2.3701,0.9051,52.2633,16.2819,28.1796
980,674,1206,1283,1617,11.577,MV_230,Unknown,17.0139,11.7014,20.9375,22.2743,28.0729
8494,14202,12626,6467,43792,30.3745,MV_231,Unknown,9.9251,16.5948,14.7533,7.5566,51.1702
9681,15129,43459,128111,105205,151.9087,MV_232,mOral,3.21,5.0165,14.4102,42.4792,34.884
4978,7787,18570,47632,23189,31.3825,MV_233,mOral,4.8729,7.6227,18.1781,46.6267,22.6996
2094,22272,7181,26752,15572,41.5263,MV_234,mOral,2.8347,30.1499,9.721,36.2145,21.08
0,4,5,58,1054,7.3343,MV_235,Unknown,0.0,0.3568,0.446,5.174,94.0232
0,0,0,0,46,6.303,MV_236,Unknown,0.0,0.0,0.0,0.0,100.0
2899,3171,5738,10598,12236,15.8065,MV_237,Unknown,8.3685,9.1536,16.5637,30.5929,35.3213
0,0,0,0,0,6.2529,MV_239,TIE,,,,,
0,0,0,0,98,7.2892,MV_240,Unknown,0.0,0.0,0.0,0.0,100.0
28,53,26,662,169,6.718,MV_243,mOral,2.9851,5.6503,2.7719,70.5757,18.0171
1148,1007,4999,4848,7423,13.8719,MV_244,Unknown,5.9099,5.184,25.7349,24.9575,38.2136
9019,23772,67961,219571,45947,57.8373,MV_245,mOral,2.4624,6.4903,18.5549,59.9479,12.5446
23557,28856,417494,250757,238934,165.421,MV_247,aOral,2.4549,3.0071,43.5072,26.1315,24.8994
9346,4463,29347,24037,70318,49.3588,MV_281,Unknown,6.7965,3.2456,21.3416,17.4801,51.1363
2072,1441,13257,20730,49188,42.3355,MV_282,Unknown,2.3902,1.6623,15.2928,23.9133,56.7414
7419,10828,2061,10852,21094,17.4837,MV_283,Unknown,14.198,20.7219,3.9442,20.7678,40.3682
7614,4327,32801,24942,100260,102.0892,MV_284,Unknown,4.4803,2.5461,19.3011,14.6766,58.9959
3448,3003,15831,12457,29543,36.4938,MV_285,Unknown,5.3639,4.6716,24.6274,19.3787,45.9584
2829,1883,10543,9567,28213,31.2304,MV_286,Unknown,5.3342,3.5505,19.8793,18.039,53.1969
18433,8337,32676,26097,164186,174.6407,MV_287,Unknown,7.3812,3.3384,13.0846,10.4501,65.7457
6,77,215,335,124,7.6282,MV_288,mOral,0.7926,10.1717,28.4016,44.2536,16.3804
0,0,0,0,0,6.3843,MV_289,TIE,,,,,
1347,1470,5488,6060,16752,21.8265,MV_290,Unknown,4.3288,4.7241,17.6367,19.4749,53.8355
6069,7609,20302,14634,67684,56.3477,MV_291,Unknown,5.2185,6.5427,17.4569,12.5832,58.1988
12829,41035,33376,27183,128804,99.8517,MV_292,Unknown,5.2745,16.8711,13.7222,11.176,52.9563
112,1110,23,48,551,9.7269,MV_C02,Skin,6.0738,60.1952,1.2473,2.603,29.8807
125,385,15,0,147,6.9123,MV_C03,Skin,18.6012,57.2917,2.2321,0.0,21.875
7641,7822,13827,12872,182773,79.5338,R10,Unknown,3.397,3.4774,6.1471,5.7225,81.2559
8420,4716,21129,18081,84414,66.347,R11,Unknown,6.1568,3.4484,15.4497,13.221,61.7242
7624,3845,19214,22247,77387,104.0113,R1,Unknown,5.8503,2.9505,14.744,17.0714,59.3837
8974,7864,22999,22874,109105,99.467,R2,Unknown,5.223,4.577,13.3858,13.3131,63.5011
13941,4157,24512,18839,315898,147.7845,R3,Unknown,3.6945,1.1016,6.4959,4.9925,83.7155
7274,3923,22758,22363,75656,39.7846,R4,Unknown,5.5117,2.9726,17.2443,16.945,57.3264
9307,4198,22022,18563,63812,63.9807,R5,Unknown,7.8938,3.5606,18.6782,15.7444,54.1229
7161,3831,15243,16013,73969,89.8046,R6,Unknown,6.1617,3.2964,13.116,13.7785,63.6473
7109,6629,13764,12604,79005,51.2691,R7,Unknown,5.9684,5.5654,11.5556,10.5817,66.3289
7893,3705,21253,21524,75084,74.3704,R8,Unknown,6.0969,2.8619,16.4168,16.6261,57.9983
8126,4952,25376,26546,87179,77.3275,R9,Unknown,5.3398,3.2541,16.6751,17.4439,57.2871
150,9,37,70,0,6.5354,RB_005,Sediment/Soil,56.391,3.3835,13.9098,26.3158,0.0
0,0,0,0,49,6.8428,RB_C01,Unknown,0.0,0.0,0.0,0.0,100.0
39908,10898,20701,15506,176758,116.4604,RM_028,Unknown,15.1298,4.1316,7.8481,5.8786,67.0119
3769,2361,18286,18385,20996,24.3863,RM_029,Unknown,5.9078,3.7008,28.6628,28.818,32.9106
2218,696,3780,3471,8026,14.672,RM_030,Unknown,12.1928,3.8261,20.7795,19.0809,44.1207
11637,9588,19507,18091,74946,68.9918,RM_031,Unknown,8.6993,7.1676,14.5826,13.5241,56.0264
16109,10564,19365,17018,53414,56.0896,RM_032,Unknown,13.831,9.0701,16.6266,14.6115,45.8607
20811,9796,44071,39799,136989,123.0366,RM_033,Unknown,8.2759,3.8956,17.5256,15.8268,54.4762
3098,966,4761,4870,10212,14.1072,RM_034,Unknown,12.9585,4.0407,19.9147,20.3706,42.7155
14745,16864,31572,29324,134358,107.9219,RM_035,Unknown,6.4995,7.4336,13.9168,12.9259,59.2243
25991,9133,34179,38205,127025,97.5164,RM_039,Unknown,11.082,3.8941,14.5732,16.2898,54.1608
22190,9612,30123,28527,91466,62.0548,RM_040,Unknown,12.1978,5.2837,16.5586,15.6812,50.2787
15297,12784,27504,24829,84373,72.4955,RM_041,Unknown,9.2829,7.7579,16.6906,15.0673,51.2012
19461,14433,24820,23395,103187,69.537,RM_042,Unknown,10.5027,7.7892,13.3948,12.6257,55.6877
6176,34319,20252,19227,97544,75.3457,RM_043,Unknown,3.4791,19.3327,11.4084,10.831,54.9488
3323,2034,5664,6881,67745,59.5658,RM_044,Unknown,3.8799,2.3749,6.6132,8.0341,79.0979
3662,2018,12748,12667,47161,44.5561,RM_045,Unknown,4.6795,2.5787,16.2901,16.1866,60.265
17331,30639,22329,18816,101961,82.451,RM_046,Unknown,9.0702,16.035,11.6859,9.8474,53.3615
24171,30365,41687,39555,164318,143.9557,RM_048,Unknown,8.0544,10.1184,13.8912,13.1808,54.7551
20382,30499,65192,53720,255931,169.8378,RM_050,Unknown,4.7876,7.164,15.3132,12.6185,60.1166
0,0,0,0,13,6.5778,RM_053,Unknown,0.0,0.0,0.0,0.0,100.0
15814,4897,64036,47608,164453,145.4023,RM_055,Unknown,5.328,1.6499,21.5749,16.04,55.4072
2109,1006,3710,3767,7973,15.2772,RM_056,Unknown,11.3601,5.4188,19.9838,20.2909,42.9464
3806,1883,12617,16106,56457,83.2871,RM_057,Unknown,4.1884,2.0722,13.8848,17.7244,62.1301
8083,9383,26472,23198,64035,63.2831,RM_060,Unknown,6.1622,7.1533,20.1813,17.6853,48.818
5788,33480,156862,102913,59994,63.1612,RM_063,aOral,1.6121,9.3249,43.6896,28.6636,16.7097
20348,48603,186366,124444,252088,170.5021,RM_064,Unknown,3.2204,7.6922,29.4953,19.6952,39.8969
13932,25304,453837,279967,126655,105.4942,RM_066,aOral,1.5485,2.8125,50.4434,31.118,14.0775
12004,11252,554994,320672,239856,197.881,RM_070,aOral,1.0541,0.9881,48.7359,28.1593,21.0626
18303,27214,185131,138586,142129,149.0507,RM_071,aOral,3.5793,5.3219,36.2034,27.1013,27.7942
24263,18093,588571,362372,372528,308.9284,RM_072,aOral,1.7764,1.3247,43.0926,26.5313,27.2749
19470,19069,357392,267372,224072,168.4895,RM_073,aOral,2.1941,2.1489,40.2752,30.1307,25.2511
27573,23990,401749,292663,393062,316.729,RM_074,aOral,2.4207,2.1062,35.2709,25.6939,34.5083
19737,20240,393315,273136,290467,246.1949,RM_079,aOral,1.9798,2.0303,39.454,27.3987,29.1372
7677,9551,125852,112787,64636,57.5912,RM_080,aOral,2.3953,2.98,39.267,35.1906,20.167
20917,34363,302013,216206,194125,125.3076,RM_081,aOral,2.7249,4.4765,39.3439,28.1656,25.2891
22341,20359,303041,231392,183586,140.3379,RM_082,aOral,2.9368,2.6763,39.8361,30.4175,24.1332
13158,13459,381215,252825,146519,109.1516,RM_083,aOral,1.6301,1.6674,47.2282,31.3222,18.1521
10552,8018,94058,102174,72242,56.883,RM_085,mOral,3.6761,2.7933,32.7678,35.5952,25.1676
18897,25519,283938,234449,197297,159.5046,RM_086,aOral,2.4861,3.3573,37.3553,30.8445,25.9567
28005,14192,422462,259528,201464,144.3253,RM_088,aOral,3.0254,1.5332,45.6394,28.0373,21.7646
494,958,94,560,190,7.9456,RM_089,Skin,21.5157,41.7247,4.0941,24.3902,8.2753
10714,11838,360359,241580,141711,142.4085,RM_091,aOral,1.3983,1.545,47.0319,31.5295,18.4953
19147,45098,259292,161099,169349,108.3698,RM_093,aOral,2.9277,6.8959,39.648,24.6334,25.8949
9547,17815,185705,161246,97848,83.5867,RM_096,aOral,2.022,3.7731,39.3309,34.1506,20.7234
42615,21348,90159,165620,130748,69.6856,RM_101,mOral,9.4597,4.7388,20.0135,36.7644,29.0235
41750,7631,14976,18209,80972,40.8924,RM_102,Unknown,25.5292,4.6662,9.1575,11.1344,49.5127
120109,20395,86229,91202,175596,90.6969,RM_103,Unknown,24.3367,4.1325,17.4719,18.4795,35.5795
33208,4662,22905,15041,93003,59.645,RM_104,Unknown,19.6708,2.7615,13.5678,8.9095,55.0904
27474,20109,559170,377454,165902,119.5059,RM_105,aOral,2.3888,1.7484,48.6189,32.819,14.4249
27275,33078,156115,265061,306349,158.0183,RM_106,Unknown,3.4618,4.1984,19.8146,33.6424,38.8828
49122,8916,8625,7595,131747,57.8588,RM_107,Unknown,23.8451,4.3281,4.1868,3.6868,63.9533
70167,20691,31659,44794,162706,70.8275,RM_108,Unknown,21.2616,6.2697,9.5931,13.5732,49.3023
22256,8009,7158,7285,38808,30.1639,RM_109,Unknown,26.6488,9.5898,8.5708,8.7229,46.4677
23159,25507,55413,51107,239125,152.9603,RM_112,Unknown,5.8733,6.4688,14.0531,12.9611,60.6438
9851,11416,29942,76327,143154,266.826,RM_113,Unknown,3.6392,4.2174,11.0614,28.1972,52.8848
6073,6504,22135,20693,56590,53.6398,RM_114,Unknown,5.4226,5.8074,19.7643,18.4767,50.529
12604,4999,47148,38547,163264,118.2127,RM_116,Unknown,4.7284,1.8754,17.6874,14.4608,61.248
786,667,3428,3364,3828,11.4928,RM_117,Unknown,6.5104,5.5247,28.3939,27.8638,31.7071
4489,18291,10888,55143,48765,60.2105,RM_118,mOral,3.2629,13.2952,7.9142,40.0818,35.4459
526,398,1654,1759,502,7.8109,RM_120,mOral,10.87,8.2248,34.1806,36.3505,10.374
3563,2749,7190,7154,25131,23.4148,RM_121,Unknown,7.7817,6.0039,15.7031,15.6245,54.8868
518,1117,3699,5284,37311,27.908,RM_122,Unknown,1.0808,2.3305,7.7177,11.0246,77.8464
17028,7830,44047,40530,168822,81.5943,RM_123,Unknown,6.1195,2.8139,15.8296,14.5657,60.6712
5424,3199,18694,19791,40072,30.2806,RM_124,Unknown,6.2216,3.6694,21.443,22.7013,45.9647
15424,22396,25362,28375,166330,125.8492,RM_125,Unknown,5.9809,8.6844,9.8345,11.0029,64.4972
8310,4804,28850,26237,67825,42.0697,RM_126,Unknown,6.1091,3.5317,21.2092,19.2882,49.8618
5909,17817,17400,22282,108029,77.2805,RM_127,Unknown,3.4467,10.3927,10.1495,12.9972,63.0138
9376,5877,29038,29285,104135,70.1406,RM_128,Unknown,5.276,3.3071,16.34,16.479,58.5979
2536,3692,12138,13723,36703,25.3513,RM_129,Unknown,3.6865,5.3669,17.6445,19.9485,53.3536
6375,9662,25277,19746,51974,34.5889,RM_130,Unknown,5.6399,8.5479,22.3623,17.4691,45.9809
4084,12210,17028,23602,100099,62.8473,RM_131,Unknown,2.6009,7.7759,10.8443,15.0309,63.748
25501,40684,18737,41859,241961,123.3552,RM_133,Unknown,6.9157,11.0332,5.0813,11.3518,65.618
53473,47279,80914,90901,445323,343.7021,RM_135,Unknown,7.4486,6.5858,11.2711,12.6622,62.0322
14234,5337,46490,38157,160666,122.659,RM_136,Unknown,5.3737,2.0148,17.5511,14.4052,60.6552
26790,36719,94234,71689,364416,277.4613,RM_137,Unknown,4.5113,6.1832,15.8684,12.0719,61.3652
10458,5326,34527,30327,103086,58.2055,RM_138,Unknown,5.6922,2.8989,18.7929,16.5068,56.1092
14971,10306,45943,33758,135261,86.6692,RM_140,Unknown,6.2317,4.2899,19.1239,14.0518,56.3027
13437,5052,20538,16749,38758,52.6588,RM_142,Unknown,14.2139,5.3441,21.7255,17.7174,40.999
9749,10869,23678,21495,92365,85.9172,RM_144,Unknown,6.1642,6.8723,14.9713,13.591,58.4012
2080,1109,9297,6648,4498,9.9512,RM_145,aOral,8.8016,4.6928,39.3407,28.1313,19.0335
3782,6929,17889,14488,23378,26.1494,RM_146,Unknown,5.6901,10.4249,26.9145,21.7976,35.1729
8066,3197,22899,19379,72638,60.4103,RM_147,Unknown,6.3925,2.5337,18.148,15.3583,57.5674
199,437,1333,856,2628,10.4336,RM_149,Unknown,3.6494,8.0139,24.4453,15.6978,48.1937
8083,4054,26866,24435,52289,46.2292,RM_151,Unknown,6.9845,3.5031,23.215,21.1143,45.1831
71,13,177,438,1178,8.3585,RM_152,Unknown,3.7826,0.6926,9.4299,23.3351,62.7597
1127,223,1827,2473,9071,17.359,RM_153,Unknown,7.6557,1.5148,12.4108,16.7991,61.6195
10369,4772,25713,21476,49419,45.1182,RM_155,Unknown,9.2788,4.2703,23.0096,19.2181,44.2232
4617,11557,4954,7300,47053,42.8772,RM_156,Unknown,6.1168,15.3111,6.5632,9.6713,62.3375
5637,5380,24661,26470,56607,56.214,RM_162,Unknown,4.7467,4.5303,20.7663,22.2896,47.667
18425,13819,71698,94412,244689,243.631,RM_164,Unknown,4.1587,3.1191,16.1831,21.3099,55.2292
8079,6600,49293,48368,87555,72.2624,RM_167,Unknown,4.0416,3.3017,24.6594,24.1967,43.8005
48,457,1948,2321,2392,10.5072,RM_169,Unknown,0.6698,6.3773,27.1839,32.3891,33.3798
11189,19722,52184,73144,161796,165.7769,RM_171,Unknown,3.5182,6.2012,16.4083,22.9987,50.8736
7842,3718,26597,26207,114125,129.3673,RM_172,Unknown,4.3935,2.083,14.9012,14.6827,63.9395
10929,9069,1142690,341950,91177,84.2251,RM_173,aOral,0.6849,0.5683,71.6054,21.4279,5.7135
18852,19218,2129386,668458,222665,232.6063,RM_175,aOral,0.6164,0.6283,69.6201,21.8552,7.28
5894,21386,33603,52950,102209,74.0077,RM_176,Unknown,2.7282,9.899,15.5539,24.5091,47.3098
16257,22813,1650747,562358,118434,112.6409,RM_177,aOral,0.6858,0.9623,69.6339,23.7221,4.9959
6426,9902,40541,61962,119929,123.5941,RM_178,Unknown,2.6914,4.1473,16.9798,25.9516,50.2299
13460,8204,1556108,417320,104323,122.7453,RM_179,aOral,0.6411,0.3908,74.121,19.8779,4.9691
38038,38761,1634331,828749,421953,415.3084,RM_180,aOral,1.2843,1.3087,55.1797,27.981,14.2464
7637,10246,40644,54035,85012,80.0889,RM_181,Unknown,3.8654,5.1859,20.5715,27.3492,43.0279
20222,24598,2296971,724802,205127,208.2538,RM_182,aOral,0.6181,0.7518,70.2068,22.1535,6.2697
12166,23337,664671,279487,64943,59.5471,RM_183,aOral,1.1647,2.2341,63.629,26.7553,6.217
3248,12768,75371,58787,12863,21.0018,RM_184,aOral,1.9922,7.8314,46.2294,36.0575,7.8896
22551,25171,1445127,741020,206936,222.7487,RM_185,aOral,0.9239,1.0313,59.207,30.3597,8.4782
22707,18817,2722513,870090,256281,339.1916,RM_186,aOral,0.5837,0.4837,69.9801,22.365,6.5875
27998,73141,542424,408654,508432,342.319,RM_187,aOral,1.794,4.6866,34.7563,26.1849,32.5782
29054,32958,1626797,899615,302023,271.4802,RM_188,aOral,1.0052,1.1402,56.2818,31.1237,10.449
20996,34278,1603365,584476,168034,160.2975,RM_189,aOral,0.8708,1.4216,66.498,24.2406,6.969
27619,56203,1772400,835608,284828,242.9412,RM_190,aOral,0.9279,1.8881,59.5433,28.072,9.5687
15916,17563,1840926,588310,104860,118.9832,RM_191,aOral,0.6199,0.684,71.699,22.9131,4.084
3731,11907,325372,130579,92912,68.8782,RM_192,aOral,0.6609,2.1093,57.6389,23.1318,16.4591
1498,1526,4471,4214,44045,39.8151,RM_193,Unknown,2.6868,2.737,8.0192,7.5582,78.9988
5176,2138,20038,13780,21783,29.6918,RM_195,Unknown,8.227,3.3982,31.8493,21.9026,34.6229
187,336,1347,1714,3636,10.9072,RM_197,Unknown,2.59,4.6537,18.6565,23.7396,50.3601
22096,14459,22493,20331,122605,119.6784,RM_199,Unknown,10.9395,7.1585,11.136,10.0656,60.7004
4660,3168,14574,10219,25750,33.6932,RM_200,Unknown,7.9834,5.4274,24.9679,17.507,44.1144
4520,2772,19743,14398,22625,25.9802,RM_201,Unknown,7.0561,4.3273,30.8205,22.4765,35.3196
738,366,2138,1414,2032,8.4956,RM_202,aOral,11.0347,5.4725,31.9677,21.1423,30.3828
7684,5323,24098,23932,54666,63.3921,RM_203,Unknown,6.6411,4.6006,20.8275,20.684,47.2468
6139,1872,5368,7982,30294,33.0588,RM_205,Unknown,11.8846,3.624,10.392,15.4525,58.6468
8547,2990,21640,17349,45484,52.4137,RM_206,Unknown,8.9022,3.1143,22.5393,18.07,47.3742
10935,14077,419111,244262,37479,41.1102,RM_207,aOral,1.5065,1.9393,57.7396,33.6512,5.1634
12769,21241,844650,338955,64987,84.448,RM_208,aOral,0.9956,1.6561,65.8544,26.4271,5.0668
13289,20568,39527,63075,70986,63.3034,RM_209,Unknown,6.406,9.9149,19.0542,30.4056,34.2192
54757,31508,1225674,454854,259315,189.2037,RM_210,aOral,2.7026,1.5551,60.494,22.4496,12.7987
3298,1901,15948,13070,12444,17.2413,RM_211,aOral,7.068,4.0741,34.1784,28.0105,26.669
7205,6051,3321,4757,40655,31.4761,RM_212,Unknown,11.623,9.7614,5.3574,7.6739,65.5842
9523,6018,116361,93556,157707,134.818,RM_213,Unknown,2.4854,1.5706,30.3684,24.4166,41.159
198,170,132,171,201,7.5753,RM_C03,Unknown,22.7064,19.4954,15.1376,19.6101,23.0505
1339,873,3806,3159,5577,13.5452,Rt11,Unknown,9.0755,5.917,25.7964,21.4111,37.7999
640,715,3856,3687,4985,9.3814,Rt13,Unknown,4.61,5.1502,27.775,26.5577,35.9072
12,24,0,3,0,6.3345,Rt1,Skin,30.7692,61.5385,0.0,7.6923,0.0
1480,2360,1335,888,13443,15.0894,Rt5,Unknown,7.5874,12.0988,6.844,4.5524,68.9173
1884,1606,11066,8453,11374,11.5397,Rt7,Unknown,5.4795,4.6709,32.1845,24.5848,33.0803
12559,7284,1988,2121,125577,77.6789,Ua029,Unknown,8.399,4.8713,1.3295,1.4185,83.9817
13841,6511,72400,48757,99680,55.1364,Ua036,Unknown,5.7387,2.6995,30.018,20.2153,41.3286
3680,11535,1999,2747,52347,59.167,Ua061,Unknown,5.0893,15.9526,2.7646,3.799,72.3945
30085,38049,147382,88271,222109,163.9959,Ua077,Unknown,5.7207,7.2351,28.0249,16.7849,42.2344
12189,5517,36546,31531,91065,62.4434,Ua079,Unknown,6.8924,3.1196,20.6652,17.8294,51.4934
14006,17306,41281,45240,127050,57.0867,Ua089,Unknown,5.7195,7.067,16.8574,18.4741,51.8819
5192,19606,2279,3002,84019,81.4123,Ua100,Unknown,4.5505,17.1835,1.9974,2.6311,73.6376
17865,12751,73888,50653,149523,70.1436,Ua104,Unknown,5.8635,4.185,24.251,16.625,49.0754
13648,6408,39122,49858,120099,70.3085,Ua106,Unknown,5.9563,2.7966,17.0738,21.7592,52.4141
15809,6206,53352,46261,101544,65.3943,Ua117,Unknown,7.0838,2.7808,23.9062,20.7289,45.5003
