sample,demult_F,demult_R,merged,unmerged_F,unmerged_R,unpaired_F,unpaired_R,deduped,unmapped,mapped
ABM007.A,151,151,51.581278264748335,64.50328803936749,64.03375245824323,52.616539782749975,47.06646410938093,51.60246688674272,51.60956322705035,47.60650339576044
ABM008.A,151,151,46.33322174553783,55.62502342432382,55.003185708039226,49.05276439550356,42.518221574344025,46.34207982004835,46.332015841756814,55.56550134460238
BIT001.A,151,151,59.08817346711846,71.63617466154027,71.2901092130287,56.75208874069303,52.833760648416174,59.096157244937466,59.15540989600465,58.06745630597253
Chimp,151,151,57.17577188111352,59.880360829976645,55.10741969332837,54.46410746195083,65.01754263471173,59.45023425443947,59.581784552051225,49.040879103088194
DJA002.A,151,151,48.16216228666272,58.03893082987436,57.0652422207984,48.83656260415509,48.06678614097969,48.197591242790935,48.20349138280827,45.4640674394099
DJA006.A,151,151,48.22952422578933,67.29423747382356,66.8731947527289,50.49638965715665,44.83739837398374,48.28086896658547,48.27963321055648,50.73994867408041
DJA007.A,151,151,50.47248479247516,60.95684327828994,60.34048314161778,51.740907710261695,46.32584751823774,50.48985938921392,50.48669612761644,53.61039310716209
DM_002,151,151,65.45594248591061,99.41410711529556,77.80912692287905,87.0464911226003,61.82338611449452,64.06091460609186,64.25587176500363,56.424769569257386
DM_003,151,151,63.72339538392515,,,,,62.37948811066778,62.45821440108114,56.84034228165085
DM_004,151,151,61.92069816937402,91.22647527910686,77.29277739804056,89.71034729681347,55.60986547085202,60.93498710042473,60.97012258009367,53.31728360239585
DM_005,151,151,64.78676544562698,99.05156217670184,73.4180840057935,85.41467783992516,61.10923949894722,64.00426306231103,64.03873844192557,61.46894041181732
DM_006,151,151,56.00301166219207,91.30222738308878,69.6137443259791,79.7255553876379,53.131703470031546,55.776861351507655,55.78705912658721,52.90125016110324
DM_007,151,151,58.72727353234525,95.83735349413976,105.77855114204569,74.03829787234042,53.04154969118473,58.75271496230454,58.80397244989163,53.10170801452971
DM_008,151,151,59.63258904420778,85.94787676390662,69.74416396555675,77.72508464789102,54.91920892068168,59.56307535780986,59.57129520071028,57.33888066604995
DM_009,151,151,57.41808385644662,101.65289801302664,66.25199934042378,78.89497716894977,53.14528795811518,56.49522494627282,56.314952783000166,63.47149001307981
DM_010,151,151,64.80723724232416,99.14217501565103,95.98082616215528,91.95615882879562,56.95818301082322,64.25569950553637,64.28833670777811,56.09179357287863
DM_011,151,151,49.55231589395611,84.83015065249155,64.02221998286895,84.24345685410728,53.93106860158312,49.58963150752028,49.62204628893485,47.20947501387135
DM_012,151,151,65.92748739453353,112.43368725473024,95.22684634792624,85.0748212867355,58.96552014837295,63.34447981436727,63.203679394598055,68.51888301295898
DM_013,151,151,63.90910737750031,92.18280144059806,83.8291505243186,79.52374307089971,59.09788057338845,63.6719152884864,64.95953988870198,57.05881230319786
DM_014,151,151,61.84502498158483,92.69213912567096,82.49305741249209,76.36325723842829,64.61081560283688,60.711528296666096,60.7279318519413,60.687998500187845
DM_015,151,151,61.752275786144814,86.76717696373245,75.93338800801895,77.77404766046268,55.773959021810974,61.3162788319351,61.35363850542687,52.42593753012629
DM_016,151,151,56.83622261640876,81.87384977192733,76.3484934577079,68.36517382054362,67.5255312308187,55.93211389830931,55.85693000716161,65.20616319138591
DM_017,151,151,56.5,,,,,56.5,56.5,
DM_019,151,151,59.01725184671403,92.73600816048965,83.61808908534512,74.46113218775571,56.15736191752271,57.87828407274453,57.88332407300596,54.768521146749926
DM_020,151,151,57.58006555436105,81.92162306160792,78.34806464578485,65.92176267131508,71.00492906321719,57.39927643775393,57.338743770256734,58.72533761795115
DM_021,151,151,53.84206813228994,81.81907914829158,74.14661796503744,76.86430678466077,55.59793498262114,53.848740212388456,53.85097607897056,53.65889718172891
DM_022,151,151,58.08288796467146,90.01433491935573,71.02349226676087,71.86515442589035,58.79098275503844,57.10208538882032,57.10895100029178,50.36420472762249
DM_026,151,151,75.6079194928287,111.934469473465,114.3858764097412,83.41691188718006,,73.02821897236784,73.03411868416288,53.38842889670875
DM_027,151,151,62.09365946182648,91.081543949965,81.72741538531012,80.60860820595335,60.33386920455276,60.822829787925954,60.84369281322343,47.43120896480229
DM_028,151,151,53.165432208038986,86.5327973040882,80.90434242809424,72.58588375775511,55.09553853086976,52.82635870639741,52.83230112957816,47.26988318489012
DM_029,151,151,50.16584409570241,83.01657601657601,71.6047471047471,70.75316750448587,56.13937668090492,50.055368995595565,49.981562415905216,52.08020485740253
DM_C01,151,151,67.3482582278876,109.20734126984128,105.90093537414964,66.71450089004519,70.98255813953489,64.98566274845982,63.45173212973472,68.82087702418421
EBO001.A,151,151,45.284702167242784,55.907881954317126,55.06400459672069,46.56491810331582,44.91447751174759,45.32765250868256,45.27672231606271,54.23456166089283
EBO003.A,151,151,47.3823827439822,60.07040792769698,59.159077674753554,47.667806859481416,47.55490224061653,47.45775442408253,47.450522371058575,57.543418013856815
EBO008.A,151,151,52.96061888548462,66.40930579351482,65.89062599149692,53.04358641089996,47.48571428571429,52.980484109306616,52.91776275315057,59.413950964294656
EBO009.A,151,151,48.14649906816376,62.01783162827913,61.40646968051666,51.09745856353591,43.32435129740519,48.15748209603613,48.14235849157145,56.45874384236453
EB_1,151,151,116.22331257143291,136.01395373570858,137.35046352920324,70.90269419589833,85.29768317217211,130.74288785249948,131.61923298596716,108.94118687538692
EB_10_2,151,151,47.42734844711143,68.3351409978308,78.5531453362256,62.60657575534808,78.07185273159145,52.390820702246,51.715738946626736,70.53195266272189
EB_11_1,151,151,40.48092453355611,69.06073752711497,75.91540130151844,67.2222152376163,78.67361111111111,51.37128123760412,50.92698668818072,77.5952380952381
EB_12_1,151,151,41.81029810298103,73.15635179153094,78.26384364820846,72.97091046467699,79.08717948717948,50.28259430840503,49.89261744966443,77.9047619047619
EB_13_2,151,151,48.61985472154964,64.44274809160305,80.21374045801527,64.40399385560676,79.28971962616822,54.30204081632653,54.39344262295082,33.0
EB_14_2,151,151,58.45909758885321,65.84401741480258,78.02161837561928,63.82922304974077,71.1716839992702,60.276312484300426,60.27139611209291,61.25
EB_15_2,151,151,42.61650045330916,60.7027027027027,72.94594594594595,62.75569358178054,79.43396226415095,46.175392670157066,45.806970509383376,61.11111111111112
EB_16,151,151,46.661686232657416,65.49825783972125,78.06271777003484,62.18758620689656,77.25874125874125,56.67934312878133,49.51525054466231,84.19246861924687
EB_17_2,151,151,38.31886477462437,64.66666666666667,77.79310344827586,64.21645445641528,79.46575342465754,49.78225806451613,46.0353982300885,84.72727272727273
EB_18_2,151,151,54.11620294599018,65.5,78.54761904761905,65.94845360824742,79.91666666666667,61.15938303341903,60.30054644808743,74.82608695652173
EB_19_2,151,151,46.23184357541899,70.21608040201005,76.84924623115577,68.81221374045802,76.64285714285714,47.96709470304976,47.80902497985496,87.0
EB_2,151,151,119.83889573031811,139.77315473029685,140.86188526696245,68.5802186687217,90.11126990608412,131.8750727488234,132.84857920291228,99.3490256608142
EB_20,151,151,72.46923076923076,68.359375,81.6875,67.2988614800759,81.5625,69.96153846153847,69.72043010752688,71.9090909090909
EB_21,151,151,52.240734793499904,66.56599286563615,82.16052318668252,66.28309572301426,77.98611111111111,60.82884615384615,59.2991452991453,74.5576923076923
EB_22,151,151,,,,,,,,
EB_23,151,151,58.41142443962401,66.14467724496654,80.71014873907835,65.49622674775995,79.46980467941196,63.73033363942455,63.607634543178975,69.25352112676056
EB_24_2,151,151,44.05,61.78,78.48,63.31358529111338,78.21739130434783,45.79365079365079,45.67213114754098,48.5
EB_25_2,151,151,43.00584036340039,65.14792899408285,76.34319526627219,63.06474396703943,77.42483660130719,49.4384236453202,49.26523887973641,103.0
EB_26_2,151,151,58.85079261317209,63.84059358544759,80.25706079463858,62.36371882086168,78.36531365313652,59.42207922783028,59.45531914893617,58.84615384615385
EB_28,151,151,56.65526415811478,64.40414110429448,81.58972392638037,63.68937939859245,78.55216284987277,77.48082319925163,78.53620146904512,68.8103448275862
EB_29,151,151,46.4595015576324,63.66153846153846,79.26923076923077,62.910216718266255,76.16666666666667,49.6745283018868,48.23227383863081,89.0
EB_2_2,151,151,69.61049723756906,61.90967741935484,78.76774193548387,59.7135761589404,76.31372549019608,75.36622807017544,82.5940594059406,69.61811023622047
EB_5_2,151,151,38.69386637458927,64.46288209606988,79.72707423580786,65.7764287371433,77.40612076095947,48.17894736842105,47.01362397820164,81.07692307692308
EB_6_2,151,151,45.50847457627118,66.71238938053098,80.63200589970502,66.57716480446928,79.09954337899543,52.47598253275109,51.81725888324873,56.0625
EB_7_1,151,151,50.04285622427984,64.88519637462235,81.3540074640128,66.75606691055322,75.77611940298507,81.75505958010214,81.69669304118483,82.55586592178771
EB_8_2,151,151,38.729729729729726,63.53663003663004,79.79761904761905,66.65628790942175,78.97635135135135,44.38775510204081,44.38775510204081,
EB_9_2,151,151,60.58713897803012,61.11873990306947,78.03311793214863,63.74624298094712,68.44776119402985,62.340756084930085,62.29614181438999,68.92307692307692
F1,151,151,111.639877579992,139.37043791378113,139.72517700726627,116.4087864240259,100.90864801264846,112.0922619664076,111.22164066976312,114.12632628192128
F10,151,151,101.8521415792116,145.47170485980467,144.42203750149696,106.86869542681713,96.26065356004251,102.04931172160012,101.92699594389612,102.29639350989288
F2,151,151,142.34292710949563,146.3453703487616,145.71821288427623,131.02748125501716,120.1646709093954,142.38034059257737,160.42845547976052,136.94477481793356
F3,151,151,120.59507119320772,143.13988547016697,142.37860665684792,124.11919886487668,104.31891528999928,120.69883604370868,115.99965260877264,125.46014352114986
F4,151,151,126.50971963572503,145.142751194858,145.03343744243838,120.09435201865,108.15730629225168,126.99824435562364,127.97571928117284,126.24605967322462
F5,151,151,127.93463568896485,143.17698891031822,143.25709651968089,120.28458406943696,110.71717446499818,128.31252101386684,125.78566380510924,129.71830216334826
F6,151,151,75.66782309552309,133.8536473126011,127.40654323206904,106.15944644272388,78.44158436108694,76.12661833264868,79.37433970630276,73.42260519957266
F7,151,151,86.75446034158269,136.54547052833055,134.24911181951774,101.99412042895304,82.35815694851169,87.11014456540413,84.13717006633075,93.71917863039046
F8,151,151,100.59163278125897,143.74819315658056,143.16923472652672,93.30190340788523,91.2419767471314,101.07285169172408,99.666593174528,102.18440903663438
F9,151,151,99.28634090417415,144.22315541874627,143.9161583201391,90.05793864247619,87.84721075155792,99.7536412928379,88.51728828026569,108.61819149688168
G0001,151,151,71.61116018568059,92.26527073407289,91.97381646708445,78.05583756345177,75.37062037929925,71.61772851225528,71.7536390693973,57.92290940384092
G0005,151,151,67.87968672730526,90.9909727515979,90.85896197445211,72.73500249661174,72.66133139323391,67.8701365517485,67.87078850675526,67.31970964908226
G0008,151,151,57.24679625917371,82.11674654588226,83.58174891592493,63.64585944681207,68.81175734834271,57.17493406850761,57.16251432218221,59.89646904126542
G0010,151,151,70.78916173367205,92.28652839100523,92.07937159872677,71.66187576126674,73.83202099737532,70.77732405451752,70.71837749415886,73.41395152594815
G0011,151,151,73.6888467242868,92.13380611183506,91.80359069342995,75.80271797220949,75.11750599520384,73.60558023535373,73.65184479306073,70.03227104458394
G0017,151,151,54.1956890204491,84.7146316851665,84.9,64.70550931430836,68.762109795479,54.338130846528514,53.38810771461454,59.57364061852564
G0018,151,151,54.70679927568623,89.68105601141635,89.86387255890428,61.544949329846354,65.50773993808049,54.69770630416709,54.64443794051943,58.51458432953071
G0019,151,151,52.8260588274082,81.2602512272596,80.34919145249783,64.88750990229734,76.14791403286978,52.86123676847251,52.26879150469647,65.22700027643494
G0021,151,151,52.66587616637662,81.68006685093528,82.56208780613228,60.76116884270361,64.97558494404883,52.66967137787176,52.56394825274148,67.42524520853998
G0026,151,151,59.22130140570754,85.56185561301898,85.49363780329793,65.99888367939272,66.62443026435734,59.38357958931593,58.398304518939575,64.33073660106548
G0030,151,151,37.51983967935872,55.142857142857146,60.0,46.833333333333336,49.5,37.609585621567646,37.60440660991488,40.0
G0033,151,151,44.715858045835446,59.10109763142693,57.56424857638029,61.72767038239029,59.71789883268482,44.668316600743765,44.67538438668376,41.95812295812296
G0034,151,151,55.84896038804581,88.26637119272503,88.03978857835438,61.97104161536567,66.2105828632823,55.77592835517459,55.97231754997196,51.29335214442655
GDC002.A,151,151,53.1063119444747,67.71939827958361,66.07320010207663,51.80917715230056,53.21210006976976,53.18884856724284,53.21100101922972,47.95424480216211
GDC004.A,151,151,53.42511365021957,64.28872646891044,62.60884198516828,51.792840110183775,51.07072386653364,53.50151142418342,53.57657886043066,46.43225090575904
GDC005.A,151,151,48.75275432985675,57.3606171582691,56.16773536761109,47.79460282132688,46.996366320331575,49.26700059470462,48.30766462292493,51.50832076046426
HM_001,151,151,48.35287811036275,73.59571383000319,72.40744714786996,65.24914177239893,77.86291162567102,48.346153412884,48.35847133548157,43.9398013520148
HM_002,151,151,40.80369291106484,89.99795261772448,59.63819830359754,74.9192546583851,68.83204798628964,40.78450751661954,40.78521701079648,40.0738562860167
HM_003,151,151,52.63716772903878,74.90335213032581,77.97587719298245,66.06331633287722,75.71881132604429,53.09867140205498,53.07599545972784,53.995719743184594
HM_004,151,151,53.85123501274314,72.95261642513618,77.42893261339438,64.87600787397945,75.47999160119683,54.58538270005867,53.45132027864049,57.08934854307389
HM_006,151,151,62.47601575555358,96.45298991354468,91.62445965417868,76.8093878845544,56.28239973483593,62.16118759370699,62.36464540367314,52.18522316385963
HM_008,151,151,46.95685291423613,79.01298701298701,72.1948051948052,68.18045112781955,70.6,46.88673437171122,46.9868479385252,46.07476635514018
HM_009,151,151,39.601526450400144,85.03249097472924,68.09721505930892,65.85468827870993,70.6411149825784,39.669191544008754,38.525162389637,43.53730818706462
HM_010,151,151,42.2974452583816,86.80720522562154,61.90985136306072,69.27008917451303,63.4790118058592,42.642534453807365,42.50511910764074,47.47664986544572
HM_011,151,151,45.29515079486904,90.2386771274503,62.536693744358814,88.14496750793411,54.27082875357221,45.46096754772172,45.333323528477685,50.19620999493741
HM_012,151,151,52.52649610315988,90.67499786013866,79.81691346400753,74.76054197796631,66.50716332378224,52.66973290802211,51.91190930618262,61.2368523274132
HM_014,151,151,44.12812352764081,84.51295336787565,61.398963730569946,70.22320117474302,63.92696629213483,44.7083662051176,44.56746277818492,46.66984060548987
HM_017,151,151,37.662282704661,63.49142857142857,81.00571428571429,65.67507886435331,79.42424242424242,37.7478417921824,37.75129395264968,36.62582056892779
HM_018,151,151,42.81913703142766,72.66706161137441,79.74486571879937,71.64444444444445,80.97161066048668,42.93224774354186,42.93467623674471,40.7687595712098
HM_020,151,151,38.38652656503496,78.27817919075144,70.06719653179191,64.81559526121578,72.40522875816994,38.49363729034344,38.49630377348884,37.54288929978294
HM_021,151,151,53.293093930297054,73.5191552727765,73.52314877487478,65.07803962583205,69.52146031104827,54.22870980628159,54.25691793821825,49.12014195000816
HM_022,151,151,43.92868664424233,68.79692054456294,75.69346044374336,64.64606717305257,69.30012184834567,44.44798016859252,44.8632032803128,40.539066189913584
HM_023,151,151,42.69326915357503,65.69550953783127,78.76981980540263,64.13275834018745,76.14345959974048,42.997122327457625,43.03071192668925,42.24204368837729
HM_024,151,151,48.646295331375846,69.5480133698575,78.0806463773215,65.53687695420268,77.10166045408336,49.29664465317445,49.03227318418804,53.34474664982496
HM_026,151,151,41.69977760954328,73.18222304694748,71.11616255334941,65.19086791274015,71.30968967701077,42.10481401300138,41.71346074893106,43.34367906624932
HM_027,151,151,38.262018220042044,63.11424903722722,79.34274711168165,63.95892156862745,74.85526315789474,38.231912338637045,38.14691680519275,39.0767004341534
HM_028,151,151,49.10801327202611,81.41809089974997,68.90927150049663,69.1790393526686,59.40843999493094,50.22269774114714,51.96620228291152,49.804602047077225
HM_029,151,151,39.50590149696891,70.63902071999074,73.00792915846742,64.74948690753317,73.2718824292198,39.95111031276701,39.98947309518512,39.26834107050748
HM_030,151,151,48.24501266752235,85.26291240825846,69.03134645723301,71.02475458813487,59.80636972074775,48.9707719677464,48.98362202333849,47.57844684865052
HM_031,151,151,57.45132312216955,93.40831975707742,66.55458507834423,72.42838853691363,66.47279750164365,56.29222613392577,56.31155450893287,45.44698148032933
HM_032,151,151,51.71744217098616,83.20345837400642,68.00962208896946,67.74243952572179,74.64880598788167,51.90150172593577,51.69674077356772,65.00837621250207
HM_033,151,151,57.81561663786558,83.27330996956562,81.02480863229734,68.65679791266012,68.49252505339247,58.32981939792757,57.84507514536547,74.78910015359357
HM_036,151,151,59.68643764940267,84.59824146094014,75.04159621237741,69.81874122854367,58.58362424627102,59.50759854985568,59.54835139662613,50.920269058295965
HM_037,151,151,48.89304837008885,94.61304503857886,64.57177462766911,89.70658726657844,55.42485549132948,48.80133317566426,48.80359817558246,44.2801769538656
HM_038,151,151,48.14421442487912,65.17663817663818,80.64169599463717,63.9810104970976,77.24319868095631,48.25279102441527,48.14080377994299,51.63480514756037
HM_039,151,151,57.504129826996106,92.61205683736635,70.02356499718627,78.32776260815211,57.10159465020576,56.81496890898096,56.82675984625791,50.58568912004026
HM_040,151,151,51.57504399883934,66.87599100583458,76.42293899862374,64.89570441059183,79.02101644765469,51.43975990028129,51.455528264386274,41.48500337544604
HM_043,151,151,43.60290655729423,72.31626077892543,72.9950566979374,65.70992256206864,79.10018508677088,44.382565215442256,44.38904493773746,41.624049320119845
HM_048,151,151,47.27184849888838,92.13959287115762,63.65794637017659,75.6035358284747,55.36182994454713,47.416901082124745,47.418244957286575,46.96225929263762
HM_049,151,151,51.03089598352214,75.24137931034483,72.0,66.76487252124646,75.73684210526316,50.95884315906563,51.073991031390136,35.42857142857143
HM_050,151,151,47.36068805114563,82.41298161307363,69.53523166845594,68.25065511480886,70.80851289672009,47.67756640736433,47.66397032961707,48.47023443644704
HM_053,151,151,44.4199666205794,66.22872438619162,76.57577995200296,66.72386440966315,78.85331744816044,44.46126831639466,44.36883494069057,46.7733137785343
HM_054,151,151,46.0100092170113,71.1531737058871,75.34938356348758,66.83680142687277,74.67659253675085,47.11578064566136,46.415687799862496,49.983752635286464
HM_055,151,151,58.604065493830376,63.9223875588233,79.5017732795375,64.82030397021933,74.6446779020951,59.62332741016986,59.55449301635014,63.0334947869633
HM_057,151,151,41.29185006681181,68.82220930562251,75.73380305650855,65.52924091208129,79.71684340824113,41.35614907446242,40.86087000752506,50.12365058963175
HM_058,151,151,41.19986440630581,81.47754930759547,67.46370121695342,68.56205589767883,67.8,41.155316141562366,41.11908328356559,49.1508012437216
HM_059,151,151,44.20821962038699,86.77834052397924,64.89345338585632,70.37812789620018,68.76864847815801,44.21988163717658,44.17533721634097,47.2428149521634
HM_060,151,151,70.82902181740145,98.80956200866356,94.4689555591208,74.73698754080722,77.45235546038543,72.15231865926789,72.43305795789121,58.270693925838295
HM_061,151,151,61.85863219126432,73.9179309624887,81.63602199178787,67.68757708869799,75.63709609023832,68.84495362606056,69.98199839985776,66.54223062576324
HM_062,151,151,46.782134314185335,77.3799621009669,71.85065108595306,72.08511038803883,68.78801691922303,47.18590466388995,47.11757355276895,49.88151983227076
HM_063,151,151,55.75577673647514,85.73471262722077,76.61102957845628,75.30934450075075,66.88064642592673,57.09334911224352,57.73296855559644,55.06999665255324
HM_064,151,151,62.95082476450674,97.94905895624296,90.3748441489046,70.40926055516678,66.48954983922829,63.147440766766096,63.19775674204457,62.20962298488856
HM_065,151,151,53.125984360989705,79.93207290248246,74.22242589295067,66.40433877405478,73.08503794127351,53.323981847980505,53.43073845905717,50.19170445786804
HM_066,151,151,66.29328812188241,103.98963978910888,99.15914537477418,69.69781381787239,62.311326658322905,66.1739095777828,66.18416533409855,45.43322654462243
HM_067,151,151,54.99707749252303,89.14245876822564,69.68942713727989,68.84533942597736,72.34323154604472,54.98040816572016,55.03489668567512,45.41878703894802
HM_070,151,151,56.871723442183736,89.9028332583794,68.49916668871194,78.98312386513334,64.61266900350526,56.70350963741578,56.71764406871067,53.20826769514911
HM_071,151,151,45.771621249832044,66.30854546942784,78.6981460260293,67.75601374570446,76.39068100358423,45.78477022963124,45.691751956179566,47.164283633397424
HM_074,151,151,49.76057642575736,77.44535503629764,71.92683756805808,65.884905454148,68.8076498712762,49.81205115917118,49.81901734413139,46.21786637582808
HM_075,151,151,39.41953723015319,64.38343575362437,76.68830991333927,67.83120019778255,79.60445082731269,57.902327775568935,57.93142813746552,56.6953125
HM_076,151,151,46.24164323106209,78.28771060050939,69.68771877255826,70.17299327178846,71.44091372384436,46.32020868441147,46.32146649005046,43.82288287415872
HM_077,151,151,54.92868267250716,91.46178319824256,69.87680226245486,78.9524738896508,60.983323133414935,54.7435334312128,54.7452748763004,42.04021223122033
HM_078,151,151,59.15220850448524,92.5640818419887,73.19262240941198,85.15808088365323,58.118005833996286,58.93951824070543,58.94450570815999,49.25208731953384
HM_080,151,151,58.2325228773055,80.28066772168053,78.55163612231354,74.68475373426817,70.44300253082764,58.5574616487331,58.57711708116612,48.29947800481842
HM_081,151,151,62.42258502494515,101.2080257359094,82.74793437095164,87.4490717952324,59.00579590146968,61.97293336228244,62.04211680851477,46.226567422347976
HM_082,151,151,57.46347607052897,82.73737373737374,69.22222222222223,88.53988868274583,72.75,57.01078167115903,57.06486486486487,38.0
HM_083,151,151,55.876421903064376,91.01338062227954,68.95671449298726,74.26775189447095,61.03393843725336,55.91877280100567,55.94607061475563,49.51654895858272
HM_084,151,151,64.34681306312739,95.22038616973506,86.0627750336776,79.90474635758886,60.635473176612415,63.9968806663487,64.01467195130674,53.26908544705627
HM_085,151,151,61.46447323856572,100.33704508781524,96.33581820848948,76.13425403983464,58.62691517927657,61.26169134341424,61.4329554298396,50.26330714115635
HM_086,151,151,61.37574663739755,74.47618404161881,81.199378420377,70.42931862759032,69.97138272265312,63.47184785628541,65.2721514327973,53.38657803284835
HM_088,151,151,57.13421804939996,91.76786553831688,74.79645301154468,72.24200703686707,59.79893065456902,56.97636431694023,56.97270749532972,65.11516829627065
HM_089,151,151,48.30020930583161,92.14594042143868,66.03320107012956,78.59750180654486,55.83059788980071,48.2666503392074,48.27178768051396,45.39155364428272
HM_090,151,151,59.0246727684635,77.36110769014233,76.28403033128662,66.87007844522212,72.05613350671868,58.93987279502017,58.955767625217526,48.64774689904223
HM_091,151,151,56.95410366546603,64.9760364744941,80.10655129678044,65.01916640752101,76.82039393957663,63.35441547197678,63.03810820456558,71.6374177916234
IBA002.A,151,151,61.25404923858403,69.9438446662492,69.45085968207984,56.62495710069325,51.76231235185673,61.30171553436559,61.28943571865603,64.81997964987346
KNP001.A,151,151,64.02442850743935,75.30948741081286,74.52953494982451,66.75433269081637,58.61238654564869,64.27129778613653,64.36476701948611,60.5168728117182
KNP004.A,151,151,66.8227718372316,75.49025629366737,74.6631263656195,68.16388310519679,60.88050209205021,67.29430929690751,67.37558401123194,59.51741382122114
KNP009.A,151,151,68.67323402914539,75.54822523045318,74.92501900774535,70.6821237210881,65.15616285554935,68.79143257167749,68.80691472585902,61.45197418375095
LB_1,151,151,39.25941422594142,59.52941176470589,79.70588235294117,62.35692618806876,79.1219512195122,42.57471264367816,42.57471264367816,
LB_11,151,151,57.63744075829384,60.42458100558659,79.5195530726257,60.39810426540284,77.68586387434554,56.73118279569893,56.73118279569893,
LB_12,151,151,39.65868263473054,64.62337662337663,79.32467532467533,67.18543956043956,80.70037453183521,42.9364161849711,42.94186046511628,42.0
LB_13,151,151,38.05035971223022,64.53164556962025,81.11392405063292,64.84152457372116,81.52112676056338,42.073170731707314,42.073170731707314,
LB_14,151,151,39.67583747293338,70.07669616519173,77.01474926253687,66.95525727069351,79.16796640671866,47.073142857142855,47.081761006289305,31.0
LB_15,151,151,49.36612789880534,65.36190659235056,80.50951374207189,65.36755104875677,78.69342778433688,57.904371584699454,57.904371584699454,
LB_16,151,151,58.27553375649163,65.34778251064895,79.77624655474818,65.20258398336746,76.64238410596026,59.72732502396932,59.72784810126582,58.0
LB_17,151,151,43.55813953488372,68.4,83.81176470588235,68.82870370370371,78.65,44.69565217391305,44.69565217391305,
LB_18,151,151,47.08227577356338,64.36503362151777,78.69452449567723,62.19262098706277,77.98009950248756,51.19241982507289,51.19241982507289,
LB_19,151,151,,,,,,,,
LB_2,151,151,36.1764705882353,64.57065217391305,81.3695652173913,65.63733994217266,78.3960880195599,41.26050420168068,41.26050420168068,
LB_20,151,151,43.3109243697479,67.51428571428572,80.85714285714286,67.77114427860697,79.88235294117646,43.333333333333336,43.333333333333336,
LB_21,151,151,58.78321678321678,62.430823117338,79.32574430823118,60.18156661459496,74.07142857142857,63.00845410628019,63.00845410628019,
LB_23,151,151,39.4331550802139,73.38095238095238,73.57142857142857,65.41577287066247,79.66442953020135,42.2212389380531,42.2212389380531,
LB_24,151,151,47.42700228832952,74.53889674681754,74.46676096181046,65.66131096260486,76.58526740665994,50.59265295887663,50.59122257053291,63.0
LB_25,151,151,44.95495495495496,76.0,87.0,66.36065573770492,67.41176470588235,47.833333333333336,47.833333333333336,
LB_26,151,151,41.03703703703704,68.96666666666667,81.58333333333333,67.27017291066282,78.83333333333333,43.36607142857143,43.42342342342342,35.0
LB_27,151,151,42.416871165644174,64.01752555810558,81.80492384727728,65.99977155910908,76.99721448467966,52.732283464566926,52.732283464566926,
LB_28,151,151,42.883159268929504,68.63453815261045,80.87951807228916,68.3905325443787,80.34517766497461,47.05947441217151,47.06648199445984,41.0
LB_3,151,151,37.96722408026756,69.3905109489051,78.43795620437956,66.505444646098,78.83864337101747,41.463276836158194,41.463276836158194,
LB_4,151,151,40.55263157894737,64.58407079646018,80.99225663716814,66.08184855233853,81.12586176418597,45.67041198501872,45.62264150943396,50.0
LB_5,151,151,46.3807874015748,63.65368318122555,81.33670143415907,65.96244489657511,76.8853711790393,52.00784753363229,53.86532343584305,49.92390011890606
LB_6,151,151,39.58888861885435,70.54852780806979,73.6793893129771,67.80071454841591,70.28491620111731,50.27107937379841,50.08643690939411,65.69767441860465
LB_7,151,151,61.26926406926407,64.44580645161291,76.5883870967742,64.43768831277741,73.55211480362537,61.48355601233299,61.49614395886889,39.0
LB_8,151,151,50.18417191680332,74.37087912087912,75.17307692307692,69.69813703820651,80.02631578947368,51.65294117647059,49.06360517286883,53.41701132889768
LB_9,151,151,45.16745843230404,73.31851851851852,69.36296296296297,71.76681614349776,67.69277108433735,53.31470829909614,53.41772151898734,49.4375
Lib_blank,151,151,65.94817842254565,74.5159791234718,80.15135482948452,66.78834326804807,53.1765893037336,66.18229013865326,65.12699429959187,84.45823110176423
MS_004,151,151,53.30867712388168,90.06806783181298,81.54820094643553,86.45553025906581,53.45343660968661,53.39850046704396,53.33353187031634,56.6260866802604
MS_005,151,151,69.1292271114494,97.89140627597902,102.70003436159482,79.53559215576803,62.80344799544604,68.81480576563091,66.74092643791114,81.11508438952467
MS_009,151,151,51.72294886134421,79.64699353478177,66.19434501512251,79.54961435133028,51.414905833716126,52.06186472131777,51.878880946266015,54.7083876820764
MS_010,151,151,45.91891542279932,91.64184312249854,70.39804330722129,79.49621212121212,58.17145421903052,45.94683288234353,45.90669527614797,48.4993713935721
MS_011,151,151,70.03295347937828,111.99039411910056,104.70156906350384,68.28891990055729,65.31406585540444,67.59041226921921,67.65465688104796,66.37196986508975
MS_018,151,151,65.87823549241949,90.35376311938442,78.69116142940315,72.87528344671202,58.39674822666773,64.50841548047468,64.54572046174462,59.97311286631727
MS_020,151,151,73.232821014962,106.41279542222524,108.34489063452293,79.30974564307898,62.63037601376259,70.59603063369102,70.36250627052686,73.19198312785173
MS_022,151,151,68.11882325735627,96.63192840646651,89.89107606812934,84.11964212352215,59.43608521970706,66.4199220344689,65.82545790068048,75.12179276648375
MS_029,151,151,45.82552358631233,85.76695880551968,59.8073262039845,71.76994902792187,52.94704502953486,45.97335025357667,45.97402930483547,45.699719061975074
MS_032,151,151,54.27197360585912,92.45470916621646,73.68647577885828,82.01969696969697,57.472193074501575,53.80669386376633,53.7833620285754,56.26251257374331
MS_038,151,151,51.50794463557686,88.37355936337582,68.36044880785414,84.75837122778007,57.29240978846951,51.49908628892624,51.46837432343093,57.34744707347447
MS_039,151,151,65.80339442112012,96.14667272707597,86.33681806867743,85.80187685050434,61.04495149610602,65.98011815356317,66.00663940126934,61.352444240217736
MS_051,151,151,59.32393397524071,117.23809523809524,111.04761904761904,56.0,52.66666666666666,58.79000359582884,57.48611654282362,73.66517857142857
MS_053,151,151,44.52541021444458,87.19607843137256,67.49019607843137,67.91772151898734,72.38461538461539,44.42173993865601,44.17050734945472,56.80140186915888
MS_057,151,151,43.56980123715564,71.1455061810892,74.6670564650852,68.29629629629629,74.21552795031056,43.59415950213101,43.58887660453388,43.74035595300719
MS_058,151,151,66.353591160221,70.8,74.0,75.77777777777777,80.0,65.42603550295858,65.60264900662251,63.888888888888886
MS_060,151,151,47.30611736551986,83.46386326334257,67.24435451921444,61.443978734199554,66.7531847133758,47.73488195776161,47.727820354266846,50.61931034482759
MS_062,151,151,62.12971087126822,94.73787145162822,83.3136333428273,84.42105911709436,59.61228813559322,62.97864452884702,62.99120659390096,53.38387324496039
MS_063,151,151,59.576169119151885,86.8865051754499,76.89772580852983,79.2317721611188,59.23883495145631,59.11624434616396,59.12350635452022,52.13233621093489
MS_091,151,151,52.7565778944468,88.59020059636758,67.13892653835728,84.11611502984265,51.47968638631504,52.68459800654727,52.67386955273983,53.29163828796825
MS_092,151,151,44.79084856798737,87.30965710286914,66.5888733379986,67.11075949367088,57.05175983436853,44.75193809056079,44.70750282172524,46.51237081449656
MS_095,151,151,54.58926686785384,84.11460498075154,69.29806152693081,71.99404407385349,63.25953140163593,55.26913155053084,50.488387151657534,59.68149903736526
MS_096,151,151,57.611723493703884,74.14590504592249,73.1030123253121,65.86763183154585,67.42709117221418,57.83588447254139,57.9686435017147,55.93420217653388
MS_099,151,151,42.151225197176906,80.8963127938629,62.958921059143776,78.30421408797294,64.96207865168539,42.19908969542987,41.6065462827528,46.61825496666606
MS_101,151,151,67.35248003103986,88.6081778230686,82.86746067129482,84.18132854578097,64.16260162601625,67.98785397330718,69.29699348165705,48.76283562489122
MS_102,151,151,67.75061520704044,93.87528369878368,108.39352842546018,65.75457783574976,74.7916292561641,67.30262825368955,67.4277713758077,58.16446263109663
MS_103,151,151,49.878258282948806,93.80641183723796,85.711467324291,79.1680216802168,59.76,49.78544840674838,49.76869675878759,50.52055869428751
MS_104,151,151,65.01860315287202,116.0264423076923,109.31971153846152,80.02816901408451,51.06666666666667,64.55825654829692,64.63865352348994,58.32520325203252
MS_105,151,151,44.14722440886037,87.51502145922747,73.22317596566523,68.80581790706461,69.73758865248227,44.07697294933953,44.08874442130788,43.86034688126434
MS_106,151,151,51.63492131253751,89.2773246329527,70.34094616639479,79.54576335157577,52.39338235294117,51.61475425477339,51.62379686736016,51.2568208436534
MS_107,151,151,59.29954023727222,90.8701295472064,78.7113409752095,81.03944207997978,55.79208979155532,59.3203755214661,59.26225548562138,60.72893330209563
MS_108,151,151,56.44995633519892,88.27441976957756,77.45917515444982,78.72058520502782,62.20148926850635,56.30543300322025,56.37410347672391,51.71041036887756
MS_109,151,151,45.33611615094953,82.34146167048056,61.95888157894737,69.92779538252603,55.94604960368192,45.38582012835244,45.33030780219973,47.07650491264328
MS_113,151,151,53.94800304456909,88.96708918062471,65.59130828429153,87.99237403427315,54.67505512050483,53.90872609815001,53.551219494202265,59.1452851231193
MS_114,151,151,53.88778147750826,76.3782684485764,74.72007553747821,65.34476064598736,67.47945205479452,53.91257722214894,53.89677447579536,54.50229580904311
MS_117,151,151,47.61662109391813,83.42959313413859,71.13048315321042,67.73805999783401,60.135735735735736,47.61092466255401,47.29079939416598,55.969826565157305
MS_118,151,151,44.561417892799625,78.84173541093797,71.29911396272533,66.04966519855337,65.74550179928029,44.48158605103833,44.31451058356654,53.8582412301778
MS_121,151,151,54.03812565713847,82.06974183286431,69.44952893674294,68.30002671653753,61.03225806451613,53.81939974033248,53.97278765257821,47.98352767239456
MS_122,151,151,48.23674111681261,83.21211617705703,69.05037883822943,78.03100077180345,52.43766578249337,48.48149318951697,48.48335291605139,41.557689399667325
MS_133,151,151,74.55452070405835,111.34648312232645,106.60588055800244,71.57499867352894,67.65624710138206,71.4860153989865,71.52513890483742,60.22798808544691
MS_134,151,151,70.13533118365915,103.58620963893748,99.772270511513,86.33277357962497,60.79449586879543,68.69350787996196,68.8923999228653,54.39401213531392
MS_135,151,151,75.99389888417079,105.85195924239147,89.49170760068277,87.47293392409941,62.571122230164406,73.80414770755198,74.73389163056811,62.1176835679406
MS_136,151,151,64.22959368442747,99.81906280361724,83.40760070750603,72.17837995906034,62.26244405262444,62.61628013483601,62.8199929552088,49.17683143568046
MS_137,151,151,66.46318308686457,100.8296243471695,75.42964112674875,71.69608837184481,66.40841367221735,64.95910941949445,65.11897025798555,51.464734374883925
MS_C02,151,151,77.26655897930156,120.36401169791846,117.77154653363152,68.56834046385949,72.4962962962963,72.87271507441292,70.3717283868923,83.49330395107559
MS_C03,151,151,75.59381978035027,111.3453245447436,109.98290693777231,66.62151958470977,74.77156023699803,72.47986678893521,71.8047769018889,77.33829520691434
MTM001.A,151,151,57.48494901096837,74.69506309318378,74.12091512079378,60.79293455606503,54.91796875,57.36154225597175,57.05065013322633,59.78184789181817
MTM002.A,151,151,71.15315284066085,75.52170771006243,75.0059140835567,69.6239940703092,58.90254237288136,71.0914302781649,71.25890407649705,67.13075347633934
MTM004.A,151,151,53.37453524396823,74.38805717310747,73.73829539438857,60.87388467172726,54.54347826086956,53.26092967326075,53.09293350905601,60.70765956405803
MTM005.A,151,151,61.58622376767024,75.32057933020714,74.74642764834029,65.11322957198443,58.642105263157895,61.45429327785218,61.40689563448059,66.80105997428004
MTM006.A,151,151,58.518198783245225,75.46413515641983,74.98842575270024,63.94884595904782,59.459349593495936,58.37439073399238,58.31262155542538,68.41708860759493
MTM008.A,151,151,63.01502106964924,75.01848820065668,74.4234286386208,64.04684959349593,57.94186046511628,62.89846905749941,62.79226495599837,67.85257796257797
MTM009.A,151,151,53.77714134603808,74.498972703258,73.93164807748752,60.09417378201909,52.16666666666666,53.6632737175378,53.65918733345077,54.2390099009901
MV_002,151,151,43.658230011265466,93.19816908993,58.917070543888,90.65536205316224,55.23717948717949,43.60232302052477,43.59838999988958,44.49623531773919
MV_005,151,151,62.53313953897094,101.22354104846688,99.00296735905044,66.32512820512821,70.25,62.02194098403992,61.69497533245436,67.00596374045801
MV_006,151,151,46.80584012719752,79.80322124546628,81.8045122026188,63.615763900524186,67.62533548040794,47.06738086145242,46.84213312021543,51.87234914229831
MV_007,151,151,42.3918096336441,64.60597049734709,77.43904145530873,64.309118950123,73.20818630910374,42.42765014768625,42.08533617001208,44.1607922210578
MV_008,151,151,73.5661261161252,103.12161045360278,103.7444761503797,70.03418062776815,65.12395691093916,74.34475118273998,103.03726666691468,67.66092393176756
MV_010,151,151,55.75492544756401,82.85170363993811,74.80568384072217,69.13783786728257,53.772218029836885,56.32369722212314,54.278492910869225,60.84384508373439
MV_013,151,151,44.90226013061201,90.18004500388132,59.43590877379162,66.98867167399949,54.75090575448172,44.90972722753452,44.82852949854123,46.46287222388871
MV_015,151,151,58.16529336611136,80.44070049253381,67.9836994761942,71.87227841590948,53.48511047070125,58.16948982662943,56.91884284843684,68.13076346548995
MV_016,151,151,60.652297555222695,100.94119585044236,73.94446816504987,67.67745197168857,,59.05621836646581,58.22733756428734,69.75125536462043
MV_017,151,151,44.55530148885176,96.01423877327493,87.69550930996714,76.2256880733945,61.11009174311926,44.57423734180347,43.91394017771896,49.93523698587436
MV_018,151,151,55.081327490851166,83.64522354454809,73.04856867159859,81.21324314702741,57.55670103092783,54.97755377097968,54.84429220001048,60.39509035937608
MV_019,151,151,56.11371262345826,85.07203389830508,81.19703389830508,82.1717791411043,56.03547671840355,55.93453260593662,55.66606498115728,62.79906636443208
MV_020,151,151,53.73862369788152,94.22123736926076,96.23506470483956,68.03271983640082,68.19259259259259,53.74321234051745,53.48593621461381,63.5136724185917
MV_021,151,151,60.852940265087646,81.46562943036824,71.88967247082773,79.6601373409884,56.2128764278297,60.80855444400618,60.30632086061056,66.65896849976102
MV_022,151,151,48.36646030751754,89.2316958698373,64.06508135168961,81.17015117401094,52.74151436031332,48.45755056612575,48.14250661602336,53.28870343855982
MV_024,151,151,93.04218537326612,110.61074533713338,122.56869836574192,86.61160623860644,68.84735051045212,91.71902382853996,108.04777778470388,86.86990160644844
MV_025,151,151,47.37880065403101,93.97644355070382,64.61850043091066,87.7105719237435,53.99777777777778,47.44973897194175,47.299319697399966,49.91788586708133
MV_027,151,151,41.62285691331518,93.808314937454,59.11920529801324,85.17355371900827,55.22434017595308,41.63762332137846,41.61781798265369,43.69644529347867
MV_028,151,151,47.577175490673135,85.75192604006163,72.50847457627118,69.3671875,58.97604790419162,47.53845262566141,46.88924894572399,50.8924328090958
MV_029,151,151,47.05734286887194,88.53658536585365,77.1219512195122,67.06546275395034,61.977777777777774,47.044578134284016,45.74736012747096,54.04637570977169
MV_036,151,151,47.95912557100086,89.23432285262604,65.38785935944728,83.26486985547388,55.977777777777774,48.07054453859103,48.04831087051411,48.44385310134654
MV_038,151,151,50.03882626029208,84.20915032679738,69.37254901960785,76.7456279809221,57.18300653594771,49.9642618019202,49.9547607351439,56.10998990918264
MV_039,151,151,55.53788363224798,89.13888343724996,70.75484986186386,83.59395213454076,53.86813186813187,55.60936446524528,55.607065119810194,55.67711420378768
MV_041,151,151,43.23967859833584,81.07235246564268,65.5468876313662,69.74925753075944,69.04221635883906,43.2081366419367,43.19779000278442,45.043397573162025
MV_043,151,151,61.31397204783586,104.1599753848959,78.78229687790832,80.61197132312391,55.36246711487869,60.31023856849848,60.4402314139,53.61520584780232
MV_045,151,151,51.51350065883832,86.48527996921301,84.46892437944969,72.26996099347238,56.38054103205274,51.49925623262585,51.46912331477443,52.05884007548766
MV_046,151,151,49.12756467439786,79.97979797979798,65.98989898989899,62.50761421319797,62.8,48.92404445445671,48.95580270793037,47.87691326530612
MV_048,151,151,67.17556944924252,91.52621241293755,79.25729127631256,81.58338317980619,60.80673098004824,65.58340767007691,65.61644003578375,52.457249785768
MV_049,151,151,54.600370027752085,80.24,79.12,67.63934426229508,70.28571428571429,54.308034296602095,54.41483113069016,53.61882352941176
MV_051,151,151,52.99350691961392,83.91545059596747,69.96941730891955,,,53.19401377724605,53.37235892641671,48.24806574113518
MV_052,151,151,62.40328450641335,90.09273451870018,73.73605150214593,68.91617729188174,55.59607319862753,62.106990154625386,62.194175725341374,57.09133612162492
MV_055,151,151,57.80410638679942,84.7192533024437,68.09398320376022,67.65063138905592,58.12880981933527,57.71773783157949,57.73393975544119,54.58896914708538
MV_056,151,151,58.2283140069087,94.647578331552,70.47178939078584,78.89677074279602,58.478402734617774,57.16695218495033,57.20080632358711,53.6699449790821
MV_057,151,151,56.74312407761735,90.9998949726929,74.05527937263689,81.27669544342366,57.0357157776014,56.80727014040519,56.48435295308144,66.65566044083826
MV_058,151,151,62.59786784990047,87.75528169014085,73.40448943661971,84.77817844632186,57.67431014380101,62.42180283924792,62.5372785996592,53.39783183323853
MV_059,151,151,59.14501870095206,91.0155800123779,95.719586685682,86.96309848286849,56.2517642801134,58.7337698420756,58.64539511161017,64.48993149113686
MV_060,151,151,56.86874226457314,98.8426990715343,85.48992350767512,83.15299057995688,59.745570273524855,56.83676068979042,62.56707790242879,50.59298589418912
MV_062,151,151,62.15731046925888,101.08339583453528,99.06931864074308,75.96885521885523,57.66924377869051,61.5811883581335,63.14674015086727,53.486563064754456
MV_065,151,151,56.37753562429453,92.6667549274331,70.13882866930345,76.48588952827264,59.67292767967608,55.89422788733975,55.97330182048953,54.05764708105213
MV_066,151,151,63.83402158733066,92.20779438938352,75.94368385687889,76.05789102227692,61.19496412096361,62.81598425524669,62.97577239445944,60.67863483045395
MV_067,151,151,55.35698506282697,94.00589784892112,66.00315446827075,80.56945937105743,56.64111577276335,54.50317624474848,54.61529509087615,50.38154703864439
MV_068p,151,151,58.64637832649842,98.00588427106184,72.15733384715718,69.74930927544403,66.5257251746771,57.46281065768856,57.49590225766654,54.22898345725657
MV_070,151,151,55.96946333973463,93.11908203830863,74.63371882905675,80.06711338294886,57.73001272140131,55.54777128241689,55.54817751404305,55.33011541596945
MV_072p,151,151,60.72534585393077,90.82233446799164,88.80781267157131,68.46927258963595,68.13956535983401,60.80779219260511,59.63727762049215,64.48743080682908
MV_074,151,151,75.5751141851226,105.51860304983248,109.79014800430164,83.42299876623848,61.50975656877898,75.33284172153819,75.71114954093852,71.33657408223903
MV_075,151,151,59.09945022454712,86.88203679291136,75.38510869679243,75.87428713116786,60.45545914362955,59.240156562672574,59.31255025373365,52.68394898142444
MV_076,151,151,59.14755335124192,91.86251161124976,73.42832361532349,70.18589548926627,65.38665111138401,57.991770739328125,57.94435110256734,58.59978772855253
MV_077,151,151,61.67393134754832,88.2104120608369,73.98891937245293,80.22959511568124,57.54137848795612,61.3915494180443,61.441957170593696,49.93760979894593
MV_078,151,151,66.88116112801755,114.92538444477304,112.17461740351916,76.68781316111792,59.72161354581673,66.12652125266888,66.22150493524549,59.25684904362678
MV_079p,151,151,52.28729395324471,89.69944925255705,73.78641181098718,75.27522630457933,59.28076532830845,52.00179871525969,52.01118299895388,50.224491747564485
MV_081,151,151,46.5683749616556,80.21525270758123,70.59657039711192,76.08921933085502,56.34139784946237,46.5182088307803,46.566920667443775,45.046567021973445
MV_082,151,151,72.8358382824501,99.66169460459454,87.92417434361258,86.41792961726175,66.02855084801257,70.68004747725479,70.82786814212572,61.316058539531205
MV_083,151,151,49.23602605839174,97.098808738235,65.48852151564617,93.68473526280128,54.61315417256012,49.14114569812369,49.200656080075575,46.953915739600994
MV_087,151,151,38.25308336602924,77.94486276414865,66.47777507894098,67.89543937708565,69.56838905775076,38.26470856780044,38.267811996350815,36.7597258243794
MV_088,151,151,59.04326043721957,79.99987708947886,68.7382005899705,78.46377358490567,54.616841531543805,58.92722174679475,58.99826317994766,56.45866921487435
MV_089,151,151,52.73505148335417,84.5653718780185,67.91175658893336,75.86541329597324,51.2923683267646,52.61584966773589,52.620795925758856,51.02131189252455
MV_090,151,151,57.102843257788784,80.43955751850488,67.03128450496871,72.69064938001733,53.96235729713052,56.976494643445164,56.86744712003953,58.13609455634701
MV_091,151,151,59.01076045064744,94.67637997100248,75.88961526512013,77.51847953940444,59.501004621257785,57.84874547390059,57.87016904005608,52.71450462053341
MV_092,151,151,66.08972582874316,102.34388973107936,77.63293799921018,80.78507223698097,60.49827387802071,64.34836726914081,64.58798593844863,58.69851009147461
MV_093,151,151,50.06679715674037,83.0288770947386,72.88031259141627,76.99292417697006,63.62128432039936,49.75921462186571,49.7499907443665,50.44166798723202
MV_095,151,151,55.65284793442262,92.2220751467211,73.57693289104364,84.51034515188564,55.96355826520715,55.67567363995864,55.65232035672846,55.7324428843768
MV_096,151,151,44.52907196232947,84.29395130698668,59.906407338437134,82.01932306925139,53.68950749464668,44.489169068040304,44.510260974506885,43.37534259944533
MV_097,151,151,50.21557607624187,72.42438704847464,65.63910724312184,70.00618392180331,53.97734294541709,50.21370284585511,49.94622122398486,58.49073836334959
MV_099,151,151,55.40392850383336,95.15529622980252,82.02717259449754,89.02987012987013,52.84955876173134,55.29906372570508,55.77072065361429,53.24657673704953
MV_100,151,151,53.58433476376726,94.28284912039425,64.1397914159647,74.9119061423553,60.33751286008231,52.74907630257231,52.76394192074642,51.89753051376668
MV_102,151,151,43.205769581653705,68.69537510253012,76.76496939870023,61.484447365127046,76.81056393963463,41.99411235580123,41.996951592322525,40.35764787032247
MV_103,151,151,48.23518041166945,82.92751636184909,63.87818506350725,67.92308163953524,53.72579757975797,48.20670070912552,48.22140758781476,47.28440361135324
MV_104,151,151,63.84707909245442,102.16511489901572,91.8261986126174,73.67468552478127,70.79632131118015,64.07220348234793,62.63810130678949,71.03207094392961
MV_107,151,151,43.58306468359472,81.12997903563941,72.74423480083857,70.60457618304733,66.0618556701031,43.55806067102187,42.72869634340223,46.6863618325323
MV_109,151,151,45.79763752723984,84.60839833856753,61.08469253368453,76.94757915810547,50.799517438034655,45.86518670588433,45.86438528006359,47.14600443227741
MV_110,151,151,68.59327249137847,96.50431571659358,85.58006000461575,82.40692354615697,62.767867989471554,66.68537393653719,66.71881956320944,64.73899142315776
MV_111,151,151,41.3620700657265,75.47475006408614,71.79236093309407,67.36781130918489,77.58965683905268,41.386539986129485,41.23110301075527,43.27807256684354
MV_112,151,151,59.15522030539725,90.99907777227756,73.42606242667951,76.0720649518609,57.08616780045352,58.3601299883697,58.37170380651334,56.16114922068337
MV_113,151,151,60.46567223798207,89.50993796508989,67.6550574728454,88.07052204365294,53.82402396598376,60.44607554045863,60.43463232026006,63.05427140901925
MV_114,151,151,45.73765324062684,96.00402974805884,57.54221406807981,76.65931629914829,52.12249443207127,45.6373839286534,45.53340219168136,48.195376969619055
MV_115,151,151,63.81778894135639,98.42379928985235,96.37908802093068,86.06141753264055,58.79445350734095,62.57452580809257,62.6336711645431,55.5595400320352
MV_118,151,151,57.52988862382708,93.17095827900911,79.59941329856584,80.96651875756353,52.49431818181818,57.26354071417771,57.22414013179367,62.00958797766088
MV_119,151,151,54.01362528158672,79.07500496542261,67.9341314121662,75.7039695642811,55.1101749837978,54.200933780936815,54.1580210911423,57.4032182543608
MV_120,151,151,44.70325376687882,86.25216522318455,61.81095936042638,70.42397509081474,58.88702559576346,44.76716351451384,44.76645852099869,44.49729257641921
MV_122,151,151,42.04960880703455,92.6791569086651,64.82201405152225,81.23558648111332,54.03448275862069,42.11624178276313,42.02877954390816,46.649110626990016
MV_124,151,151,39.38077863102742,89.89907811741872,57.41727316836487,77.15460992907802,54.31481481481482,39.4004288932874,39.35706986621059,40.85102132148451
MV_126,151,151,55.47532812914535,84.16471520380315,67.35091117175807,80.8689377004568,54.79300396682294,55.41925206886764,55.32637937254842,57.58540835892083
MV_130,151,151,63.621921132832654,100.62480489557268,98.25429229740108,85.89774147473665,59.40292981326465,62.80610396221985,62.875328015593794,55.00018355359765
MV_131,151,151,41.61848787978692,83.29124004550626,62.92434584755404,77.66599190283401,61.85507246376812,41.59111919448978,41.59004033200436,41.87386294724075
MV_133,151,151,50.72752180346099,78.0226941067893,65.92520489378653,70.23579606363363,55.88297505856414,50.85433912957514,50.83764568614144,52.189948666136736
MV_134,151,151,51.62439688179266,64.794054935407,80.80333625987709,63.497121434136105,78.25036210892236,51.68614184386668,50.685045446233175,58.80134372357686
MV_135,151,151,52.25131640147751,76.57705476316897,70.52884632989729,65.81929687039815,65.82585877862596,52.465471808176645,51.73832089640504,57.3128299307656
MV_136,151,151,57.13866407381241,68.1137681896815,78.5406533021268,63.37244291780871,76.0469099032018,57.17246810158704,57.02967215802791,57.7710360569329
MV_137,151,151,57.37705988568101,66.99492600422833,84.66173361522199,63.458089342479504,79.30409153952843,57.50586869939071,54.95762337049003,61.11912329000096
MV_139,151,151,52.99880426658068,85.23820362426683,74.61643176048324,74.79914393407014,56.53121528549211,53.104034877866034,53.07466790450511,54.72337341144516
MV_140,151,151,53.55542166429844,85.25833288315056,70.63248879044892,63.24533871970168,75.36622349742272,52.80671978775087,52.75329204868427,56.561360719243964
MV_148,151,151,53.01654666737052,91.36155913978494,72.19489247311827,86.70886831890117,56.67213114754098,52.82554776236133,52.81192207008259,54.19340115479791
MV_167,151,151,48.21243640169042,99.20004848277436,57.18701517225645,87.49880040244562,51.24094337618188,47.769277792638725,47.49043421661174,56.23297574316132
MV_169,151,151,39.5635139103792,87.29894875164257,59.17969776609724,77.61227951153325,55.742009132420094,39.53592734899548,39.53607537124969,38.720455306327416
MV_175,151,151,49.65477561166697,92.3528585016823,59.86950410993909,77.09158376756672,51.55660060463554,49.19923262821885,49.20122955738014,43.78498856997714
MV_201,151,151,45.52977549489333,90.83488759610606,75.5293945683632,82.22478895360251,52.849533437014,45.61278637066805,45.29726079029607,47.810025467291766
MV_202,151,151,53.42199975279112,83.58422486281631,68.14247364888871,80.5540950455005,50.9104609929078,53.31196386507407,53.34312458482809,49.69854097738244
MV_203,151,151,60.94125898781548,82.89682553323135,74.88297268961725,66.09816872370398,61.45196547227225,60.749639443215095,60.608334369671,61.9717287452312
MV_204,151,151,48.77770853713497,82.53228228228228,64.94944944944945,69.50176602475506,62.3014534362103,48.69054115083857,48.72866485826239,46.97751489650982
MV_206,151,151,72.62077705821953,89.1354295086888,76.62009948435373,84.97663228631303,58.52767195400707,72.63961698969814,72.74021548913544,66.43919451576582
MV_207,151,151,56.52839622307657,79.74510511594333,67.65830551294776,79.19637953258982,54.83668154761905,56.48897295914762,56.11046517453648,60.86795680065519
MV_208,151,151,54.56610262754111,83.29946876415599,69.0341391096652,75.96993543179984,52.93275217932752,54.38869791206277,54.39701475506818,50.792740723615765
MV_209,151,151,66.6079929770626,101.41315628815627,83.96719946719946,84.0115449202351,61.24776834313085,64.42941263853626,64.45450826041936,59.25959164478583
MV_210,151,151,68.97455922672148,98.1987014806857,85.001588117147,76.44333899538947,62.289058982440345,66.62838581773114,67.22618739955578,63.26375722475651
MV_211,151,151,60.17974834534501,92.7425618103087,70.98582204218467,77.16129032258064,58.16529704971036,59.12197544454071,59.47392195988736,54.676673778688894
MV_212,151,151,68.96458221064962,98.99673503346908,86.75935053638736,67.27339543398665,67.94453549555766,66.3887537129731,66.34665308616826,69.06751026187446
MV_213,151,151,51.69687181542291,86.08868424616456,64.03515254696357,71.13799273287822,76.93350479894612,51.12451067598305,51.12777757295428,50.983218550873886
MV_214,151,151,60.41808029728831,96.22193076854094,89.26795803066989,78.06992320572782,60.240867356905646,59.64817748183663,59.65138869048064,57.65900233826968
MV_215,151,151,64.81507804489073,97.78780270465666,93.93212578390768,75.24060550369977,68.15634434178025,64.57775220069459,64.59819716684461,63.43049206731091
MV_216,151,151,68.89750080182235,95.4038875983095,94.12096616194128,78.29444200128547,69.98712066773534,68.49888974434238,68.56313672245388,68.26701910129171
MV_223,151,151,49.75250329614538,87.5780105958688,68.0543782367998,83.82260884042287,53.693267167381975,49.75181160102549,48.85414308918495,52.076649643427146
MV_225,151,151,47.73667549676518,71.60807600950119,77.70071258907363,64.98542274052478,63.99180327868852,47.681754225338096,47.68527830070089,44.40386940749698
MV_227,151,151,44.63101718548906,87.0653983353151,68.54577883472056,92.26153846153846,50.90510948905109,44.70145969136375,44.75005397698218,43.44619021134594
MV_229,151,151,56.57875061801688,92.52326920258756,68.12902212824754,89.27066269545793,56.001344989912575,55.74016497747138,55.77757715114574,50.97049514315859
MV_230,151,151,45.11922533291268,80.43575418994413,61.017877094972064,79.63481901009604,55.572806171648985,45.19656060604832,44.99709392088545,47.6861131914568
MV_231,151,151,61.06283391788372,90.62558000299356,74.87868582547523,87.66984364960376,55.12152991980259,60.77896476696518,60.84237188311295,48.2226437191303
MV_232,151,151,46.77083326805859,97.94664832225024,55.12466559657571,91.00607963879791,49.33758288274881,47.04011758673005,47.07655834574967,44.79648436918589
MV_233,151,151,42.64382968588819,87.48252955330055,60.985249503086095,80.0008139640047,54.50903119868637,42.83751808354389,42.68248870505111,43.5084448200152
MV_234,151,151,43.48445270797751,88.88834496406625,59.8517862722633,79.78895184135978,54.66265060240964,43.5011487269043,43.48855103054234,44.44600948340404
MV_235,151,151,48.28832191222059,91.44319460067491,83.72665916760405,67.58476077968103,60.71681415929204,48.3604072717906,46.9336498373298,52.46926509678181
MV_236,151,151,45.31755114173187,82.21186440677967,80.98305084745763,64.71846435100548,69.9,45.31597069918414,45.14475774187,47.237833489743934
MV_237,151,151,46.0347819217608,89.48006581445387,63.74091887102898,80.6506183745583,56.15207006369427,46.130555717872966,45.96251264000654,46.89743444645647
MV_239,151,151,44.569721115537845,68.38888888888889,80.05555555555556,62.49180327868852,120.5,44.4122367101304,44.38407258064516,49.2
MV_240,151,151,48.23344510182152,92.17094017094016,78.77350427350427,68.89964580873672,65.85714285714286,48.17386193631118,48.02838805233276,49.84433883608471
MV_243,151,151,49.30307015494302,101.45812807881774,92.88669950738915,67.87545787545787,60.32,49.21431910038217,49.0433348102668,50.34598868873062
MV_244,151,151,41.54747719929952,76.75601946721312,64.27266905737704,66.83476577516613,68.00979020979021,41.53315787782919,41.43177626496477,43.80820397257905
MV_245,151,151,47.2151491472448,90.92605489553462,80.00850061450225,79.40766161897817,54.53784922740752,47.991251734483455,47.9870988697134,48.03421580703935
MV_247,151,151,59.55459534995229,91.57218456047292,78.02312582879946,85.4271093232853,57.70555597210767,59.41833899353341,59.415081670905046,59.6271962278269
MV_281,151,151,52.088674712047336,93.85877772534214,83.1138312096901,84.5120373156786,60.6370622461302,51.36198740626357,49.02022512512664,60.40467778157507
MV_282,151,151,52.98234895695794,84.22338628971728,66.47335501626219,69.99659051249698,59.70346692894025,53.08302031321472,51.49024766686409,57.78888572469343
MV_283,151,151,56.83137590691474,93.62703840084166,85.7233035244608,72.90981999643557,56.85820895522388,56.7745509934679,56.8179641768227,55.78883219584763
MV_284,151,151,54.49721045097393,79.21825614951216,73.09684622784114,78.33449739555775,55.310572106512,54.70543184912863,53.099673126079125,73.81795493747855
MV_285,151,151,55.75626989093333,93.21773132017034,70.92241579558653,92.78823260943976,62.0113333990342,55.15070038768604,54.77389615571577,66.49016613006339
MV_286,151,151,49.92338842959723,88.07707794075353,70.53717285015819,68.3523628536524,58.1395101171459,49.76735192506971,48.15493307739108,55.37843409996796
MV_287,151,151,51.347295868144855,91.07495318722472,66.01719545322679,81.9205811202382,51.44530672579453,51.58053292608142,51.50577717050066,55.484703975575805
MV_288,151,151,42.28701973139668,78.1875,69.59375,64.96890756302521,67.13513513513513,42.25395902644021,42.11811330465792,44.98286558345642
MV_289,151,151,52.71884057971015,83.6923076923077,61.0,74.96491228070175,63.75,52.66666666666666,51.51860744297719,59.11486486486486
MV_290,151,151,51.401623621457006,80.23544465770954,68.90531030070377,66.21212025366502,74.75036603221083,51.34279521831081,51.32985721919558,52.28207958786732
MV_291,151,151,52.22434011052502,76.82905146627157,64.96469206899444,73.3855005285842,53.47972116603295,52.24279455593901,52.15462918266046,58.68030628367703
MV_292,151,151,53.638542653248834,92.0163369058212,71.97441070952897,84.39259172724904,67.31186056708565,53.29270495845535,53.05275925801654,58.07552630409086
MV_C02,151,151,66.75237167250856,112.50763105507632,105.9128511391285,68.83697478991597,72.35640495867769,63.760875274552255,62.87579264863607,70.00933044082647
MV_C03,151,151,72.59475650272847,74.96617119425936,85.43721168631471,65.57183756540867,78.97580081130228,69.62848729562643,68.41876636177508,75.3368228995304
OME002.A,151,151,65.2466242904469,74.25615386471054,74.1001746185207,61.1051588121102,56.94797794117647,65.27166082989125,65.53974777042987,58.890048041295074
OME003.A,151,151,66.16807080596952,74.30335858895808,74.16773870380261,61.08367942034108,57.00832428519725,66.20443033886957,66.4327351867312,58.697623878876655
OME005.A,151,151,71.57874910085786,74.52660619113843,74.36047267127283,63.819385369426215,59.41578947368421,71.61475814767874,71.85829711907294,60.79110013145945
OME007.A,151,151,70.40490101670342,74.47720211948246,74.33494004249486,62.55016097572439,57.65484064942874,70.48758311157398,70.8954659519582,56.564237578901576
OME009.A,151,151,72.12521740588981,74.59177450154267,74.41829589323858,63.95219822387896,59.84094590217039,72.15648232094289,72.40551039507179,65.54622102079168
R1,151,151,128.18949494037437,144.3134420122041,143.48958948756558,113.6746684386854,110.39453528399312,128.3842150266372,122.51089364171028,135.38822527082706
R10,151,151,102.94069093054247,136.84287105807866,132.24789834779432,117.4037880299436,97.40739865049196,102.76966950294548,115.68670922546148,95.6318391724724
R11,151,151,148.03930435585664,145.94657029233767,146.37050141453705,122.03544140423335,123.19282011151326,148.38549183689176,156.27286946160118,144.89678869119516
R2,151,151,135.656316286867,144.44945257569236,144.64132874156982,104.00209106858703,118.3074312152758,136.0066218385821,138.03946707975666,132.41239227589224
R3,151,151,144.12781281464444,145.98637411187912,146.34033918175558,110.22118817676323,121.78409881331282,144.47361326054778,148.7034874704159,138.59007730797015
R4,151,151,138.25512157505554,145.96950660418952,145.36772904243014,117.80367922755826,114.74966020639316,138.3372832791422,159.6471575135151,134.63731430388202
R5,151,151,115.78674926026557,145.45717761586295,144.83403925051104,106.62286973081144,100.94717401204272,116.05540636585484,116.33796596846504,115.84249169536686
R6,151,151,134.01709896353975,147.32228717252016,146.94916043988323,113.74419556786292,113.69396380618798,134.01141607732478,129.02793268961517,143.0572266718455
R7,151,151,115.974617983062,144.70588676743736,143.6948585151348,112.12399428944543,105.09561304836896,116.1186734019672,134.02725357063835,105.87289625261204
R8,151,151,144.0175973143943,146.2967884202992,146.5864545848551,113.97256187686436,122.59557281896228,144.45364147330642,150.5811913695567,139.61366949242003
R9,151,151,137.84165474218992,145.8864021541297,145.4075688177784,114.17671455142666,115.5742554810832,137.94452785939671,140.71240756524566,136.23695293365714
RB_005,151,151,42.67792973128783,75.15602836879432,74.34042553191489,73.95121951219512,66.1,43.00649024732169,43.02700488145049,39.56563245823389
RB_C01,151,151,64.18389749360816,80.96860986547085,90.89387144992526,67.95376623376623,80.87864823348694,63.72112480433872,63.61126420523826,64.75603032391454
RM_028,151,151,52.37784570250505,75.77902572809194,71.13895781637717,75.65785868075945,51.60532664286404,52.41134782492389,52.42753679767342,50.39317660879947
RM_029,151,151,42.17458694816117,76.11155439619456,67.78026699401565,84.42285962624946,56.92389146260754,42.22231454237578,42.23460019382623,40.99838094740691
RM_030,151,151,42.14474828668646,71.94188299108872,71.86633087950406,78.1995661605206,63.85886402753873,42.18838296642493,42.16226355782126,43.460077707051504
RM_031,151,151,55.18872161733608,95.95788507783824,90.90108846981394,70.00876265296873,56.79305610043154,54.53776416729976,54.57707761115044,48.86443597991843
RM_032,151,151,52.15572925807122,97.0681684994312,63.34070460891447,71.45843531597417,52.38838120104439,51.63197454709229,51.791336421150056,47.839590086512246
RM_033,151,151,53.91319883578225,96.03022041659985,73.60545963186686,88.71831287232992,53.5320813771518,53.22766098142678,53.23496344863754,53.0628473911034
RM_034,151,151,45.33732998002946,88.09994977398293,66.5605223505776,77.19016697588125,51.22574626865672,45.18672651157741,45.192648738156166,44.384143292267126
RM_035,151,151,53.746561037585984,102.92622517711396,71.23870497765876,74.20871878750545,56.0294458110259,52.59212677735203,52.61487804533032,50.31854537936969
RM_039,151,151,52.08651264508606,89.52984472938178,72.46008998933652,70.44161045267387,53.065787911174446,51.95218437182923,51.979809015110895,50.65728126335959
RM_040,151,151,53.9517649765838,88.65631701215153,79.48101322373124,82.62494416152953,51.56443914081146,53.607899412172216,53.758624894875005,49.12164786177264
RM_041,151,151,53.10481616086308,92.82205848792096,80.73422880057379,74.40346809154148,55.46647350993378,52.3120474390685,51.958229184753904,61.12453016205558
RM_042,151,151,53.78963434039815,98.38265558722384,64.61290193087392,79.53122171945701,52.25402379286214,53.08304129860972,53.103143106212165,50.7078634874245
RM_043,151,151,52.72135453212265,95.42003853564547,80.21715969624844,72.87223955084217,54.336334646407806,52.47934394077936,52.67421781979568,48.92406278789355
RM_044,151,151,48.39723661357092,98.41861678923097,57.22680886202168,94.76059947629396,50.93272187190578,48.13677201472999,47.75113240773085,62.40798947123945
RM_045,151,151,39.469045251144,89.53665766767244,70.77084325869461,70.93037314544797,54.83692091717361,39.54936877226621,39.53320125927049,40.14665825577456
RM_046,151,151,46.341024001814205,87.51478175986612,58.69899595593362,71.82301102796376,53.057020509353165,46.289570182944566,46.29717454094312,45.99429279552082
RM_048,151,151,45.609796592595,90.75492723300466,67.2871955519079,73.06510851419031,54.36110237211351,45.48865514039488,45.49957126220178,44.09121395599533
RM_050,151,151,51.5839685019348,98.53306026916326,60.117974650112814,86.16158016553216,51.88726331524748,51.2457511856158,51.19656566529309,52.36600188937081
RM_053,151,151,54.5986804028244,84.52873563218391,73.66666666666667,68.04575163398692,72.10714285714286,54.09828557021599,54.72101102060374,49.65966530054645
RM_055,151,151,51.54172694488255,91.32897279833848,71.44846684166498,79.9154170609273,55.94226363219796,51.494021978658296,51.50813989424835,50.8315899669123
RM_056,151,151,42.9283902183863,80.37680102133868,66.40999452854277,64.53786539768865,67.34449244060475,42.87848727163867,42.864957843797455,43.97950384302944
RM_057,151,151,50.452735318400094,92.50639637062166,65.60710344545714,85.5295399025969,57.59608665269042,50.73753334670133,50.8244607967125,47.05261828033802
RM_060,151,151,71.79811967314062,117.53028036007753,117.91670141529104,83.13231041978852,63.87302371541502,75.93848897280509,83.53328992112574,71.04904589528672
RM_063,151,151,53.63483278954536,93.70291673200563,93.8956405833464,84.16958257171635,56.70702820632695,53.422210567007504,53.53546689315659,48.79545323364515
RM_064,151,151,63.26161665275051,106.14766595425016,76.36857238081132,99.64008054631412,54.2954086367855,62.0554328360771,62.13003090036125,51.77020002260142
RM_066,151,151,52.03608773230936,88.90269242025168,73.10169739537606,81.26749805816864,53.10841297195676,51.968472055280266,52.02095755258871,48.62728122846737
RM_070,151,151,51.962723075654665,87.20312056737589,72.12760283687943,79.30359436790005,56.2189815438502,52.03471205898274,52.12696585805983,47.50967759060137
RM_071,151,151,52.25082907012425,84.8351012536162,68.80947788951646,73.80164192463195,51.21183164344591,52.359527804114194,52.41565525712392,47.13610605157742
RM_072,151,151,56.33425845650252,93.036945109587,79.64808365999995,78.63634163930693,58.51500187055743,55.38416981642211,55.84002779304032,48.95859492577223
RM_073,151,151,53.40068322109553,97.15242701357047,88.82028113291368,73.58893486422053,57.38256185345855,52.67531906522232,52.71506834346083,49.59301448483192
RM_074,151,151,57.73226245243274,103.79286326044482,72.7880055134759,95.45647783349251,52.3673302821485,57.04475072520706,57.11039539220425,53.24137888200862
RM_079,151,151,58.32291079471217,93.26492248207798,78.16130197010614,82.43109728335104,56.39645751753028,58.31967969465124,58.5066929279033,51.54273798654734
RM_080,151,151,46.81521804842193,91.71024230014504,57.53861658561557,77.41379879313597,54.54460303300625,46.617175263735255,46.71760194709176,44.89848566127655
RM_081,151,151,58.78449296927597,98.44168789878267,77.12132248862176,74.24416617642939,58.114724150529774,57.40403749655732,57.61042103075102,50.270647688337775
RM_082,151,151,53.9011677000502,81.7626239157373,74.67432104502272,78.45052482891307,58.24441880299002,53.17629327158077,53.306722987330566,46.95501408476552
RM_083,151,151,52.75521856791552,94.42176703004309,70.3021567469306,80.11623803538625,62.31214385209573,51.84760307190542,52.00993867148881,48.0519550753616
RM_085,151,151,55.19879940799096,87.93788312219044,74.58025700404123,75.38490589023573,55.70707070707071,54.921897401654526,55.3806225251269,48.796468585816086
RM_086,151,151,55.93162205468682,94.32846062052506,86.09954256165473,79.86805703846062,56.189671873108125,54.97792576270433,55.10023928269392,49.73520818953841
RM_088,151,151,56.12786582764942,90.0580602994396,83.81606371261543,79.84883044338414,56.61455253479484,55.270119721552206,55.66132993951168,50.37334299894773
RM_089,151,151,45.01801440779848,74.22341857335128,72.4306864064603,75.73877551020408,72.74506283662478,45.26575464348351,45.33559898746877,45.20994603346637
RM_091,151,151,48.10797356298069,76.56069083904447,66.46083891342235,71.85606209471409,58.46055613909005,48.172156235096,48.12005503846133,48.96870959663932
RM_093,151,151,56.19831814811264,78.4546030940908,69.75126806999747,71.3274705321146,57.16269978153386,56.057895162148455,56.17357041398347,47.74681315999887
RM_096,151,151,59.17844170114351,90.0044169246646,73.85168214654283,77.88348600291071,58.55126527050611,58.17796981220529,58.410213289121984,57.54263253688491
RM_101,151,151,61.19054393999311,99.91066917926308,93.51497534180666,78.08256809640048,61.196499602227526,60.83001457955445,60.827922745128575,61.01787748470104
RM_102,151,151,64.6071870016633,104.67803235544548,105.34255747348864,86.46216254021542,59.160454832596336,64.30703118857492,64.28272767236889,69.56991323120356
RM_103,151,151,64.20138112551129,88.24188672534898,92.02256157197476,77.45936112151533,53.90133500208594,63.869343777335445,63.91781112393471,54.70439559575923
RM_104,151,151,59.48112373809476,88.60197258947751,75.40491029558588,67.39973509704451,71.06498045255302,58.562809853448485,58.60530480825816,48.46994001574247
RM_105,151,151,55.33702908939992,92.61123746885322,73.48218838732109,69.67324025355263,61.60291841697988,54.36876038299948,54.38585047606079,49.2752022750074
RM_106,151,151,62.08116049847239,94.99156464616304,91.89612570916692,78.94136059079571,60.47508272830543,60.94461855892835,61.53791732792522,56.33934539335296
RM_107,151,151,64.68010427365452,94.10487356634788,80.69805669945207,74.63253943705537,56.25841377511088,63.24535283343029,63.29350585140937,56.430436823071474
RM_108,151,151,63.87640868213485,89.12427301656973,83.43125205750027,78.35042537629441,60.84519350811485,62.497221032887225,62.62428966212569,51.94942090908711
RM_109,151,151,68.45145063923873,100.50022975504578,116.90173553426884,75.51955782312925,61.28963110667996,67.89006894332053,68.02013793961083,56.0567002755144
RM_112,151,151,57.80302279822747,86.7682776684732,69.2850555843905,66.00319315724622,62.75375199128029,57.26593530719263,57.11232488451245,63.65798641434109
RM_113,151,151,69.52849914173501,100.99180613140452,97.42522243743,88.00699542274808,60.640905708514936,68.90676381598223,69.03714371666314,61.68906890444532
RM_114,151,151,55.30310419767101,80.18624077086723,67.91509197847579,75.87967248131008,54.203748981255096,55.30587656541699,55.30916699932224,47.76747311827957
RM_116,151,151,56.400503222862746,77.51993763041435,70.64827681089633,67.99252505804405,65.59255827215054,56.304952774431335,56.339606647134254,52.65299469637901
RM_117,151,151,44.9075667709373,81.070796460177,61.0503744043567,71.16019052394084,60.7,44.871725775783815,44.87409385623664,41.10306058713304
RM_118,151,151,57.081373944586446,83.00742100978741,80.14749256952464,66.68400908701344,74.78657605604288,56.86178357394817,57.806340451941054,52.76301490593679
RM_120,151,151,44.27003134676402,64.55933422377478,80.67615329292099,63.73522547303492,78.89649060616803,44.39519008329388,44.403877635714124,42.845346062052506
RM_121,151,151,50.483084724156186,80.35430224150397,63.82863340563991,77.02194907813872,53.5125786163522,50.49921455437889,50.50434671216888,50.42052237943757
RM_122,151,151,58.43940511836361,80.48046881713039,79.44401862895049,62.33145916185426,79.50050462662941,57.640822887388914,57.65599393548268,57.603176729947386
RM_123,151,151,69.43873009932153,100.57404461931272,88.18768573939977,73.17671758777894,63.704500199123856,67.03775012370812,67.05493541682988,59.84483246814535
RM_124,151,151,45.72852160712642,82.46823814271471,62.143142002563735,68.40739909055185,60.69400814426992,45.72538376098444,45.72701695677318,40.67686904164576
RM_125,151,151,56.719405454961645,98.0312088695525,72.71918872477333,76.23644790963226,61.25133822363204,55.47587134443009,55.75106792356564,52.82502284231347
RM_126,151,151,64.30975909890975,87.13062747842314,74.1518544436669,70.54900589658301,63.39030230469919,64.05937848253177,64.0724681578467,58.22902270483712
RM_127,151,151,60.17336767908349,97.39201009563637,97.2023457508011,69.42342473745624,72.66944085326438,59.71259788366682,60.22479201395448,52.04765588298908
RM_128,151,151,73.01147599714255,90.65991095445692,83.2895371486875,73.95603495357729,61.13478780633592,72.34160448893836,72.38043818317435,66.81896631629684
RM_129,151,151,53.71302217698456,92.2864077669903,67.81359223300971,88.18442719360151,67.00987751876728,53.81079721300652,53.7708800268082,55.35946045906931
RM_130,151,151,62.82420374073794,85.03454247174626,74.32888261028071,72.50946472239833,55.13140949201049,62.853318202188326,60.3512781914811,65.73791617520654
RM_131,151,151,58.03808344384433,91.52965207326208,71.90603935453122,70.30550823395798,63.0576338859474,56.615032992517335,56.64952125396933,52.36629572822504
RM_133,151,151,65.46408385622152,96.93883775273996,94.31588243683558,81.67794706514309,60.36303300300028,64.56183264933694,64.64423242324045,63.17157695952668
RM_135,151,151,50.14140863879343,84.23958333333333,70.85446925683854,79.98343642611684,60.63821637283308,50.14873988408878,50.16202245146746,46.39405712024273
RM_136,151,151,54.015786099527965,97.28423618020832,63.22895071602201,81.19458375125376,55.574122295052526,53.50005760612312,53.53052684830688,50.8948997061994
RM_137,151,151,59.2818696892812,90.911640802218,76.04194721492097,84.04836035245913,57.8476692563818,59.08926845987923,59.07138022288598,59.37600577453198
RM_138,151,151,64.22644207772623,84.88301968004974,88.65965231115044,65.23534268181483,71.19402763333828,63.51422109632208,63.50376846208723,64.52668959825543
RM_140,151,151,56.040512568917954,81.18609485221822,84.77740017553005,65.91889212978498,74.51886812737868,55.72291153081917,55.80210031293304,52.145472207886826
RM_142,151,151,43.80181611812851,73.60041927564615,59.71384437150029,69.35386137247234,54.5785472972973,44.04019048502436,43.91930918408616,46.98895542353015
RM_144,151,151,52.0538242266459,79.56079925689797,73.91422660389706,70.44176215670115,59.00519755301044,52.41787678433271,52.4183063280257,52.41102465256736
RM_145,151,151,42.777964874575886,66.2921550946799,69.07844905320108,64.10276432922068,75.7595552466991,42.81646979536744,42.814516538059785,42.39184597961495
RM_146,151,151,44.74032814752871,68.75249045659326,77.0419565989935,65.36645940497749,77.95832308222211,44.698022891922726,44.660656538360406,48.23680925904913
RM_147,151,151,47.02273088828232,65.60869232179154,80.20794384214082,63.85241401760727,78.05044977821996,47.57767873675559,47.58095018857458,47.21709813254373
RM_149,151,151,45.91450198573352,68.5592972181552,78.26493026123141,65.15909906318517,77.14397406559878,45.87309337376664,45.77543873842118,50.44168694241687
RM_151,151,151,45.2121634766937,76.58002481389578,73.63686414392059,65.61994828616082,73.03711949777356,46.05296111386211,45.96992580029705,51.28850380420384
RM_152,151,151,38.03853489979267,74.36160487557136,72.0812595226003,66.115153915799,74.89955357142857,38.23212070295626,38.22525169518811,38.49537262542621
RM_153,151,151,38.55830904204389,80.08736367946894,60.90173067804647,71.6047814250399,76.70449415144675,38.72894988934605,38.72342231192564,38.5734230232263
RM_155,151,151,43.25304372757787,74.10789457440899,65.67307573606567,66.71989166947941,72.79551234951676,43.39909015392528,43.37638726237388,46.9009689906278
RM_156,151,151,49.09953616247629,82.21109445277361,66.64437781109446,70.31765205778802,52.595305429864254,49.07830706222109,48.898791650871146,53.99171634689678
RM_162,151,151,51.72169475392859,89.9016620498615,68.86334256694367,86.40549542048294,56.02483660130719,51.662425895845104,51.45628163404682,57.35455510058546
RM_164,151,151,49.29347551017884,82.56355318527359,66.69262995630311,81.64904907008511,53.5506968641115,49.44366846310759,49.453015456868734,45.54232537464552
RM_167,151,151,49.063981912861664,88.7960449548609,62.08444389854449,81.42856320350059,53.17926098535286,49.0775841813213,49.081463109707904,48.2811196470906
RM_169,151,151,43.06240000736182,82.59620991253644,72.96938775510205,74.63543191800879,57.67619047619048,43.09519045434957,43.09422474446325,43.410576486609166
RM_171,151,151,53.11435750610489,100.39512106602844,62.63974702913726,97.01041091233589,51.747185601484674,52.74157881485022,52.64228580041802,56.55364887228023
RM_172,151,151,50.18655519233352,100.95891539899918,58.21113882480747,98.3812437461902,52.04677060133631,50.27084785656033,50.2673541611576,51.24682832917361
RM_173,151,151,56.90300580316504,102.74561543418208,65.11997983961007,100.90948144322635,52.92210153372803,56.28653296900001,56.28764920267812,53.35084112149533
RM_175,151,151,60.05244778203063,90.85244040862656,73.65650505378088,81.09660248326705,56.22208637177416,59.9684038983601,59.969571115268025,57.56376186838372
RM_176,151,151,59.4397450310514,95.82255139056832,73.74331166868198,77.99667511082964,59.00285147532854,58.24337579838742,57.74924021171485,62.051623262089706
RM_177,151,151,57.2133053330184,101.319546576423,89.45566270578357,86.4146321139905,57.23673085955848,56.53878898728103,56.559049608421454,55.48471107118746
RM_178,151,151,52.57238354315083,77.82772440800343,69.5019886189806,73.47222375158289,53.21487477092242,52.64490275326976,52.47374117186826,56.2279620764363
RM_179,151,151,55.43985760030649,95.79650849803892,75.90940552180265,84.00789770590447,56.58661179034015,54.962702395411526,54.96474305157426,50.51489868891537
RM_180,151,151,53.510100297431066,88.02874457979335,75.21329736765279,69.61997873305926,62.85366967588716,53.52065314045213,53.64857925171314,51.38732387160856
RM_181,151,151,50.17299485701282,75.94675226898543,71.90369739139068,67.57440587551615,70.24685394686666,50.30160995830803,50.31311754638892,49.45663430420712
RM_182,151,151,54.38626001376597,90.12405139058124,70.28908270805276,84.22026754971871,56.40963079983617,54.31672739696928,54.31938477286724,53.199599769396215
RM_183,151,151,58.10848378763239,85.99024070201337,77.64214540533891,69.75312917564288,55.341658341658345,57.66627510289083,57.69190553923534,56.18338154599627
RM_184,151,151,57.0381822812041,84.14357746123787,70.55571662674902,84.25210084033614,56.12680756395996,57.12139287348845,56.083779217121936,61.55352129067212
RM_185,151,151,51.28094017725687,89.50271845175175,66.57319360301891,73.42651905867888,59.60676818288577,50.688010343377925,50.69832393168973,49.847821348664304
RM_186,151,151,53.03532664159819,92.04045365672268,70.75904134729569,83.66556908761247,56.63536816415658,53.01816719863385,53.02628302089887,47.96596582205058
RM_187,151,151,64.38945315440719,107.88674399903786,109.1587781831216,88.652600444441,60.94142554693013,64.27575991244983,64.36309340379441,57.2628697317755
RM_188,151,151,63.827855574096695,99.0612059272204,90.19673129122592,85.0354578240194,58.36957767015571,63.57001334758593,63.72331894387766,55.3899682762039
RM_189,151,151,53.152293237745056,89.40744116798079,71.49607280130046,81.67291118027292,54.48404781162937,53.00394625444222,53.00670978909634,50.5093250971541
RM_190,151,151,60.63462981738568,97.01360263493736,85.11809838220347,85.39591220339685,56.669909478722296,60.40256968658601,60.42091890832261,56.18842820730672
RM_191,151,151,49.55513444471598,75.56639067770622,63.3738117141981,78.532333890514,50.9083337464677,49.56977154362356,49.42053062073912,54.15526209205359
RM_192,151,151,56.02489697729841,100.6795022451886,90.6749885211328,78.98792399218611,61.96487063849988,57.084311976338206,59.87224983101817,52.73715340519064
RM_193,151,151,48.569241699797615,86.00591607148331,64.9712166263066,80.55088143575384,55.022722534917655,48.64678225804936,48.73805199084266,43.80955410532232
RM_195,151,151,44.66276461431967,90.28296703296704,66.74941724941725,80.12803234501348,51.91216863621846,44.53846783033937,44.60364751670616,42.91676414946164
RM_197,151,151,38.65780094898744,84.19152854511971,60.985573971761816,70.4928474772859,66.24716553287982,38.65580408638655,38.60452019724687,39.23243126769116
RM_199,151,151,52.324155143045225,99.26252224079366,81.66388095109721,82.99339707257495,57.08431272355647,52.37037152394396,52.40276641136126,49.63130101107308
RM_200,151,151,45.22079405800124,77.73909040086816,61.16669407083429,71.05850299810766,54.37570850202429,45.42491899439676,45.3811550354882,47.21380561947046
RM_201,151,151,43.72976279768938,77.89105456575336,67.20816858166256,68.73997210465564,56.96674057649668,43.86873707359193,43.31884869825564,47.997511215087016
RM_202,151,151,42.07092274969164,75.78141660319878,69.28357451129729,66.1002104926594,76.15898767034393,42.06622468716962,42.01168101324497,43.40054967646995
RM_203,151,151,46.63232383986571,81.52681115620413,64.78473361540455,71.601960948163,53.85801114300186,46.870069633341465,46.82338346299799,47.56433554793232
RM_205,151,151,51.068794432966335,79.45156875131606,68.39345125289535,68.97135083226632,64.87037037037037,51.1365868342046,50.829452227832434,53.63265841902959
RM_206,151,151,46.18531818684199,75.04600699772881,72.16113191332637,65.16809297863435,74.75349144698785,46.30113181591107,46.27828555636536,47.45615224419468
RM_207,151,151,49.7962180910684,87.47869922177948,63.008678094830586,66.08236542757611,70.17246447819696,49.306466708877615,49.44233305135089,48.464967713976165
RM_208,151,151,54.27287247852805,92.81356864624094,67.87576862672026,72.09249164761738,58.36117136659436,53.50840256626888,53.541584167470376,47.77545836295905
RM_209,151,151,61.629961888279965,100.87851647055416,100.129384594372,75.86398039357024,62.54185481069816,61.727541633568045,54.13022242521468,77.62716109662905
RM_210,151,151,53.22253461935328,82.86983656147667,73.93108562533958,80.86671894513665,54.32338245525267,52.55363398444649,52.54875082671592,54.16664849966521
RM_211,151,151,41.75666979730632,83.38627187079408,58.31056527590848,75.83511235955056,59.5,41.81576742682613,41.67769408492502,42.937708978328175
RM_212,151,151,52.64711376502003,90.45411863845668,69.30896560026484,68.37395527445223,63.41879562043796,51.96781921540396,51.99483694080863,48.28982068259968
RM_213,151,151,54.22994914271536,74.54276787011855,78.23180808437311,64.98487356377387,75.70378778051628,54.23460760422645,53.99901219695973,59.88502996576908
RM_C03,151,151,62.32031432952854,99.01905896366884,88.95801072066706,65.79960317460318,72.37037037037037,60.22309595664056,59.53716181803365,64.45888569137142
Rt1,151,151,55.94374530970386,69.53614457831326,69.86746987951807,58.49382716049383,61.05882352941177,55.945336313757366,55.98148968204765,53.81010452961672
Rt11,151,151,90.03087425246352,102.0775601977722,101.16097096511454,78.21884090400538,81.00507614213198,91.00551355065993,108.54071562736632,82.63858755794065
Rt13,151,151,62.92183225231318,73.92116788321168,70.18102189781023,64.18000884564353,67.88744588744589,62.92891789024183,62.89444210934722,74.171657528469
Rt5,151,151,56.99297404781887,76.6224996814881,72.18753981398905,62.05491564863293,69.93798449612403,57.01324445610472,56.735330500444086,60.52378954990596
Rt7,151,151,62.599055398604186,88.66550006730381,86.74680306905371,61.46367321484253,68.54166666666667,62.61384951222487,62.90474785468874,57.5482992888657
Ua029,151,151,75.32776314391462,92.19308808580676,91.35964000526376,75.11049706794388,75.46735953231568,75.52300675958858,75.58530003378515,53.09550891920252
Ua036,151,151,63.95095393615682,87.29558580369452,86.05097858993979,69.8616415540148,72.88174874901237,63.92673729435008,64.05201934865522,57.73560783998822
Ua061,151,151,77.78784842079335,91.94001951223248,91.24877713449747,76.67951533314388,77.41063698206555,77.97825110950741,79.14928496631188,73.36710591636856
Ua077,151,151,66.88657786564663,90.5390863228771,89.79589761494871,70.96012201235055,75.76147352264006,66.93469839996003,66.5829265262827,76.32593897182933
Ua079,151,151,58.64529721294733,85.05957348471966,84.35724033887516,65.38129766514139,69.36075597554196,58.660139829990136,58.649870502370185,63.55096113613429
Ua089,151,151,88.83228050745015,92.61501772147768,91.9348835474885,82.06840889753252,83.68640788084907,88.83421803039525,85.01701954673665,102.54160352692998
Ua100,151,151,80.51649277610842,92.05898415890265,91.38205866416224,77.38440460671079,78.28378544249416,81.41083199320705,82.20706181647026,80.15843399466543
Ua104,151,151,73.17693360589419,92.38445060208632,91.7238484845648,74.78484133228429,76.29571263035922,73.06730139521349,73.10753729301992,60.356891961842784
Ua106,151,151,72.80941489518527,92.66330298634352,91.9619763229188,75.56066009792661,76.48960498960498,72.75588652659792,72.84851720190733,62.18804661694746
Ua117,151,151,60.00953775286387,89.0266572843169,88.36178678821459,66.8341064453125,71.3234466888264,60.09488655726089,60.10438454530142,55.193558539655896
WAL001.A,151,151,58.64160213057647,71.69989337243011,71.30850830885818,56.848182075738976,52.20362066101976,58.64430227801658,58.66970485139306,54.17309125132348
maybe_DM_017,151,151,62.00462085369756,81.63004244009088,87.31647875852018,66.58138347655918,65.04944018115486,61.60869195322309,61.54802287134733,62.6491879388968
